Location,Crossnumber,FemalePlotName,Mother,Cycle,Father,MalePlotName,First_Pollination_Date,Bunch_Harvest_Date,Seed_Extraction_Date,Total_Seeds,Embryo_Rescue_Date,Number_of_Embryo_Rescued,Good_Seeds,Number_of_Embryo_Germinating,Germination_Date
Kawanda,SE202009_(240104C1/242996),enz-r1-c15,ITC1354-Enzirabahima,1,2905,2905-R-1--C-24,2020-09-22 00:00:00+00:00,,,,,,,,
Kawanda,SE202009_(240128C1/242855),enz-r9-c5,ITC1354-Enzirabahima,1,2905,2905-R-1--C-25,2020-09-29 00:00:00+00:00,2021-01-10 21:00:00+00:00,2021-01-17 00:00:00+00:00,0.0,,,,,
Kawanda,SE202009_(242333C1/242961),Nakawere-R-5-C-10,Nakawere,1,2905,2905-R-2--C-26,2020-09-28 00:00:00+00:00,,,,,,,,
Kawanda,SE202009_(242376C1/242855),Kabucuragye-R-1-C-17,Kabucuragye,1,2905,2905-R-1--C-25,2020-09-29 00:00:00+00:00,2021-01-10 21:00:00+00:00,2021-01-19 00:00:00+00:00,0.0,,,,,
Kawanda,SE202009_(242381C1/242996),IITA-Nakyetengu-R-2-C-27,IITA-Nakyetengu,1,2905,2905-R-1--C-24,2020-09-22 00:00:00+00:00,2021-01-10 21:00:00+00:00,,,,,,,
Kawanda,SE202009_(242448C1/242996),Nakawere-R-2-C-10,Nakawere,1,2905,2905-R-1--C-24,2020-09-26 00:00:00+00:00,,,,,,,,
Kawanda,SE202009_(242449C1/242996),IITA-Nakyetengu-R-1-C-25,IITA-Nakyetengu,1,2905,2905-R-1--C-24,2020-09-22 00:00:00+00:00,,,,,,,,
Kawanda,SE202009_(242469C1/242961),Bitambi-R-3-C-6,Bitambi,1,2905,2905-R-2--C-26,2020-09-30 00:00:00+00:00,,,,,,,,
Kawanda,SE202009_(242483C1/242996),IITA-Nakyetengu-R-4-C-23,IITA-Nakyetengu,1,2905,2905-R-1--C-24,2020-09-25 00:00:00+00:00,,,,,,,,
Kawanda,SE202009_(242508C1/242996),IITA-Nakyetengu-R-1-C-26,IITA-Nakyetengu,1,2905,2905-R-1--C-24,2020-09-25 00:00:00+00:00,,,,,,,,
Kawanda,SE202009_(242510C1/242996),Kabucuragye-R-3-C-20,Kabucuragye,1,2905,2905-R-1--C-24,2020-09-22 00:00:00+00:00,,,,,,,,
Kawanda,SE202009_(242549C1/242855),Bitambi-R-4-C-6,Bitambi,1,2905,2905-R-1--C-25,2020-09-30 00:00:00+00:00,,,,,,,,
Kawanda,SE202009_(242553C1/243074),Namande-R-7-C-2,Namande,1,2905,2905-R-2--C-24,2020-09-25 00:00:00+00:00,,,,,,,,
Kawanda,SE202009_(242814C1/242859),1201K-1-R-9--C-17,1201K-1,1,402,402-R-4--C-22,2020-09-22 00:00:00+00:00,,,,,,,,
Kawanda,SE202009_(242814C2/242859),1201K-1-R-9--C-17,1201K-1,2,402,402-R-4--C-22,2020-09-26 00:00:00+00:00,,,,,,,,
Kawanda,SE202009_(242815C1/242859),1201K-1-R-6--C-15,1201K-1,1,402,402-R-4--C-22,2020-09-22 00:00:00+00:00,,,,,,,,
Kawanda,SE202009_(242863C1/242841),660K-1-R-1--C-11,660K-1,1,716,716-R-5--C-22,2020-09-30 00:00:00+00:00,,,,,,,,
Kawanda,SE202009_(242941C1/242829),222K-1-R-3--C-16,222K-1,1,2905,2905-R-2--C-22,2020-09-25 00:00:00+00:00,,,,,,,,
Kawanda,SE202009_(242962C1/242841),660K-1-R-1--C-8,660K-1,1,716,716-R-5--C-22,2020-09-30 00:00:00+00:00,,,,,,,,
Kawanda,SE202009_(242992C1/243038),376K-1-R-6--C-8,376K-1,1,402,402-R-4--C-25,2020-09-26 00:00:00+00:00,,,,,,,,
Kawanda,SE202009_(243017C1/243063),401K-1-R-7--C-1,401K-1,1,402,402-R-4--C-23,2020-09-22 00:00:00+00:00,,,,,,,,
Kawanda,SE202009_(243035C1/242850),401K-1-R-9--C-6,401K-1,1,2905,2905-R-2--C-23,2020-09-26 00:00:00+00:00,,,,,,,,
Kawanda,SE202009_(243035C2/242864),401K-1-R-9--C-6,401K-1,2,2905,2905-R-2--C-27,2020-09-28 00:00:00+00:00,,,,,,,,
Kawanda,SE202009_(243058C1/242859),376K-1-R-7--C-12,376K-1,1,402,402-R-4--C-22,2020-09-25 00:00:00+00:00,,,,,,,,
Kawanda,SE202009_(243071C1/242859),376K-1-R-6--C-10,376K-1,1,402,402-R-4--C-22,2020-09-25 00:00:00+00:00,,,,,,,,
Kawanda,SE202009_(243366C1/243057),246K-1-R-3--C-55,246K-1,1,AG201087-4,AG201087-4-R-8--C-24,2020-09-26 00:00:00+00:00,,,,,,,,
Kawanda,SE202009_(243377C1/242999),1411K-1-R-3--C-58,1411K-1,1,AG201087-4,AG201087-4-R-7--C-22,2020-09-27 00:00:00+00:00,2021-01-22 21:00:00+00:00,,,,,,,
Kawanda,SE202009_(243382C1/242999),Nabio1117-R-4--C-56,Nabio1117,1,AG201087-4,AG201087-4-R-7--C-22,2020-09-27 00:00:00+00:00,,,,,,,,
Kawanda,SE202009_(243407C1/243057),199K-3-R-2--C-52,199K-3,1,AG201087-4,AG201087-4-R-8--C-24,2020-09-26 00:00:00+00:00,2021-01-24 21:00:00+00:00,,,,,,,
Kawanda,SE202009_(243443C1/242999),376K-1-R-3--C-43,376K-1,1,AG201087-4,AG201087-4-R-7--C-22,2020-09-22 00:00:00+00:00,2021-01-20 21:00:00+00:00,,,,,,,
Kawanda,SE202009_(243452C1/243057),660K-1-R-1--C-36,660K-1,1,AG201087-4,AG201087-4-R-8--C-24,2020-09-25 00:00:00+00:00,,,,,,,,
Kawanda,SE202009_(243488C1/242999),1154K-1-R-6--C-49,1154K-1,1,AG201087-4,AG201087-4-R-7--C-22,2020-09-22 00:00:00+00:00,2021-01-05 21:00:00+00:00,2021-01-22 00:00:00+00:00,245.0,,,,,
Kawanda,SE202009_(243519C1/242999),1411K-1-R-7--C-45,1411K-1,1,AG201087-4,AG201087-4-R-7--C-22,2020-09-25 00:00:00+00:00,,,,,,,,
Kawanda,SE202009_(243542C1/242896),917K-2-R-4--C-51,917K-2,1,AG201087-4,AG201087-4-R-7--C-29,2020-09-28 00:00:00+00:00,2021-01-18 21:00:00+00:00,,,,,,,
Kawanda,SE202009_(243563C1/242999),Nabio1117-R-2--C-56,Nabio1117,1,AG201087-4,AG201087-4-R-7--C-22,2020-09-27 00:00:00+00:00,,,,,,,,
Kawanda,SE202009_(243687C1/242999),1411K-1-R-8--C-60,1411K-1,1,AG201087-4,AG201087-4-R-7--C-22,2020-09-25 00:00:00+00:00,2021-01-20 21:00:00+00:00,,,,,,,
Kawanda,SE202009_(243721C1/242999),1154K-1-R-5--C-49,1154K-1,1,AG201087-4,AG201087-4-R-7--C-22,2020-09-22 00:00:00+00:00,2021-01-08 21:00:00+00:00,2021-01-25 00:00:00+00:00,80.0,,,,,
Kawanda,SE202009_(243829C1/242999),1201K-1-R-3--C-47,1201K-1,1,AG201087-4,AG201087-4-R-7--C-22,2020-09-21 00:00:00+00:00,2021-01-08 21:00:00+00:00,,,,,,,
Kawanda,SE202009_(243838C1/242999),401K-1-R-3--C-61,401K-1,1,AG201087-4,AG201087-4-R-7--C-22,2020-09-26 00:00:00+00:00,2021-01-29 21:00:00+00:00,,,,,,,
Kawanda,SE202009_(243950C1/242996),Namande-r2-c48,Namande,1,2905,2905-R-1--C-24,2020-09-23 00:00:00+00:00,,,,,,,,
Kawanda,SE202009_(244004C1/242996),Namande-r4-c47,Namande,1,2905,2905-R-1--C-24,2020-09-23 00:00:00+00:00,2021-01-03 21:00:00+00:00,2021-01-19 00:00:00+00:00,0.0,,,,,
Kawanda,SE202009_(244017C1/242999),365K-1-r4-c20,365K-1,1,AG201087-4,AG201087-4-R-7--C-22,2020-09-23 00:00:00+00:00,,,,,,,,
Kawanda,SE202009_(244029C1/242999),660K-1-r1-c5,660K-1,1,AG201087-4,AG201087-4-R-7--C-22,2020-09-27 00:00:00+00:00,,,,,,,,
Kawanda,SE202009_(244049C1/242855),Kabucuragye-r7-c44,Kabucuragye,1,2905,2905-R-1--C-25,2020-09-30 00:00:00+00:00,2020-12-30 21:00:00+00:00,,,,,,,
Kawanda,SE202009_(244056C1/242999),365K-1-r3-c17,365K-1,1,AG201087-4,AG201087-4-R-7--C-22,2020-09-27 00:00:00+00:00,,,,,,,,
Kawanda,SE202009_(244084C1/242999),401K-1-r2-c28,401K-1,1,AG201087-4,AG201087-4-R-7--C-22,2020-09-27 00:00:00+00:00,2021-01-28 21:00:00+00:00,,,,,,,
Kawanda,SE202009_(244093C1/242999),401K-1-r7-c26,401K-1,1,AG201087-4,AG201087-4-R-7--C-22,2020-09-23 00:00:00+00:00,2021-01-18 21:00:00+00:00,,,,,,,
Kawanda,SE202009_(244111C1/242999),365K-1-r7-c19,365K-1,1,AG201087-4,AG201087-4-R-7--C-22,2020-09-23 00:00:00+00:00,2021-01-28 21:00:00+00:00,,,,,,,
Kawanda,SE202009_(244120C1/242999),376K-1-r6-c22,376K-1,1,AG201087-4,AG201087-4-R-7--C-22,2020-09-23 00:00:00+00:00,2021-01-21 21:00:00+00:00,,,,,,,
Kawanda,SE202009_(244131C1/242999),401K-1-r7-c28,401K-1,1,AG201087-4,AG201087-4-R-7--C-22,2020-09-23 00:00:00+00:00,2021-01-18 21:00:00+00:00,,,,,,,
Kawanda,SE202009_(244177C1/242999),1747K-1-r5-c4,1747K-1,1,AG201087-4,AG201087-4-R-7--C-22,2020-09-23 00:00:00+00:00,,,,,,,,
Kawanda,SE202009_(244229C1/242999),365K-1-r4-c17,365K-1,1,AG201087-4,AG201087-4-R-7--C-22,2020-09-23 00:00:00+00:00,2021-01-13 21:00:00+00:00,2021-01-22 00:00:00+00:00,75.0,,,,,
Kawanda,SE202009_(244231C1/242999),1747K-1-r3-c3,1747K-1,1,AG201087-4,AG201087-4-R-7--C-22,2020-09-23 00:00:00+00:00,,,,,,,,
Kawanda,SE202009_(244255C1/242999),1747K-1-r7-c4,1747K-1,1,AG201087-4,AG201087-4-R-7--C-22,2020-09-27 00:00:00+00:00,,,,,,,,
Kawanda,SE202009_(244296C1/242996),Namande-r2-c49,Namande,1,2905,2905-R-1--C-24,2020-09-24 00:00:00+00:00,,,,,,,,
Kawanda,SE202009_(244328C1/242996),Namande-r5-c46,Namande,1,2905,2905-R-1--C-24,2020-09-23 00:00:00+00:00,,,,,,,,
Kawanda,SE202009_(244329C1/242999),660K-1-r5-c6,660K-1,1,AG201087-4,AG201087-4-R-7--C-22,2020-09-27 00:00:00+00:00,,,,,,,,
Kawanda,SE202009_(244331C1/242999),1201K-r6-c13,1201K-1,1,AG201087-4,AG201087-4-R-7--C-22,2020-09-23 00:00:00+00:00,2021-01-04 21:00:00+00:00,2021-01-13 00:00:00+00:00,15.0,,,,,
Kawanda,SE202010_(240064C1/242855),enz-r6-c7,ITC1354-Enzirabahima,1,2905,2905-R-1--C-25,2020-10-16 00:00:00+00:00,2021-01-26 21:00:00+00:00,,,,,,,
Kawanda,SE202010_(240071C1/242855),enz-r4-c9,ITC1354-Enzirabahima,1,2905,2905-R-1--C-25,2020-10-22 00:00:00+00:00,2021-01-18 21:00:00+00:00,,,,,,,
Kawanda,SE202010_(240112C1/242855),enz-r3-c13,ITC1354-Enzirabahima,1,2905,2905-R-1--C-25,2020-10-27 00:00:00+00:00,,,,,,,,
Kawanda,SE202010_(240184C1/242855),enz-r2-c11,ITC1354-Enzirabahima,1,2905,2905-R-1--C-25,2020-10-10 00:00:00+00:00,,,,,,,,
Kawanda,SE202010_(240257C1/242855),enz-r2-c2,ITC1354-Enzirabahima,1,2905,2905-R-1--C-25,2020-10-01 00:00:00+00:00,2020-12-30 21:00:00+00:00,2021-01-11 00:00:00+00:00,0.0,,,,,
Kawanda,SE202010_(242307C1/242996),IITA-Nakyetengu-R-7-C-23,IITA-Nakyetengu,1,2905,2905-R-1--C-24,2020-10-20 00:00:00+00:00,,,,,,,,
Kawanda,SE202010_(242325C1/242996),Kabucuragye-R-6-C-17,Kabucuragye,1,2905,2905-R-1--C-24,2020-10-09 00:00:00+00:00,,,,,,,,
Kawanda,SE202010_(242328C1/242850),Namande-R-4-C-1,Namande,1,2905,2905-R-2--C-23,2020-10-04 00:00:00+00:00,,,,,,,,
Kawanda,SE202010_(242340C1/242996),Nakawere-R-8-C-14,Nakawere,1,2905,2905-R-1--C-24,2020-10-13 00:00:00+00:00,,,,,,,,
Kawanda,SE202010_(242361C1/243074),Namande-R-3-C-3,Namande,1,2905,2905-R-2--C-24,2020-10-20 00:00:00+00:00,2021-01-26 21:00:00+00:00,,,,,,,
Kawanda,SE202010_(242363C1/242864),Nakawere-R-4-C-9,Nakawere,1,2905,2905-R-2--C-27,2020-10-02 00:00:00+00:00,,,,,,,,
Kawanda,SE202010_(242363C1/242996),Nakawere-R-4-C-9,Nakawere,1,2905,2905-R-1--C-24,2020-10-02 00:00:00+00:00,,,,,,,,
Kawanda,SE202010_(242365C1/242850),Kabucuragye-R-5-C-16,Kabucuragye,1,2905,2905-R-2--C-23,2020-10-16 00:00:00+00:00,,,,,,,,
Kawanda,SE202010_(242388C1/242996),IITA-Nakyetengu-R-2-C-26,IITA-Nakyetengu,1,2905,2905-R-1--C-24,2020-10-12 00:00:00+00:00,,,,,,,,
Kawanda,SE202010_(242389C1/242996),Kabucuragye-R-1-C-21,Kabucuragye,1,2905,2905-R-1--C-24,2020-10-22 00:00:00+00:00,2021-01-26 21:00:00+00:00,,,,,,,
Kawanda,SE202010_(242392C1/242850),Nakawere-R-8-C-11,Nakawere,1,2905,2905-R-2--C-23,2020-10-04 00:00:00+00:00,,,,,,,,
Kawanda,SE202010_(242396C1/243074),Namande-R-4-C-4,Namande,1,2905,2905-R-2--C-24,2020-10-09 00:00:00+00:00,,,,,,,,
Kawanda,SE202010_(242404C1/243074),Namande-R-5-C-2,Namande,1,2905,2905-R-2--C-24,2020-10-22 00:00:00+00:00,,,,,,,,
Kawanda,SE202010_(242412C1/242996),IITA-Nakyetengu-R-7-C-27,IITA-Nakyetengu,1,2905,2905-R-1--C-24,2020-10-09 00:00:00+00:00,,,,,,,,
Kawanda,SE202010_(242416C1/242850),Nakawere-R-4-C-12,Nakawere,1,2905,2905-R-2--C-23,2020-10-19 00:00:00+00:00,,,,,,,,
Kawanda,SE202010_(242418C1/242996),IITA-Nakyetengu-R-2-C-23,IITA-Nakyetengu,1,2905,2905-R-1--C-24,2020-10-22 00:00:00+00:00,,,,,,,,
Kawanda,SE202010_(242423C1/243074),Nakawere-R-4-C-8,Nakawere,1,2905,2905-R-2--C-24,2020-10-19 00:00:00+00:00,2021-01-26 21:00:00+00:00,,,,,,,
Kawanda,SE202010_(242428C1/242996),IITA-Nakyetengu-R-7-C-26,IITA-Nakyetengu,1,2905,2905-R-1--C-24,2020-10-05 00:00:00+00:00,,,,,,,,
Kawanda,SE202010_(242436C1/243074),Namande-R-1-C-3,Namande,1,2905,2905-R-2--C-24,2020-10-10 00:00:00+00:00,,,,,,,,
Kawanda,SE202010_(242436C2/243074),Namande-R-1-C-3,Namande,2,2905,2905-R-2--C-24,2020-10-13 00:00:00+00:00,2021-01-26 21:00:00+00:00,,,,,,,
Kawanda,SE202010_(242445C1/243074),Namande-R-5-C-1,Namande,1,2905,2905-R-2--C-24,2020-10-06 00:00:00+00:00,,,,,,,,
Kawanda,SE202010_(242458C1/242850),Namande-R-4-C-3,Namande,1,2905,2905-R-2--C-23,2020-10-31 00:00:00+00:00,,,,,,,,
Kawanda,SE202010_(242502C1/243074),Namande-R-6-C-4,Namande,1,2905,2905-R-2--C-24,2020-10-19 00:00:00+00:00,,,,,,,,
Kawanda,SE202010_(242503C1/243074),Kabucuragye-R-3-C-16,Kabucuragye,1,2905,2905-R-2--C-24,2020-10-24 00:00:00+00:00,,,,,,,,
Kawanda,SE202010_(242513C1/242850),Nakawere-R-1-C-12,Nakawere,1,2905,2905-R-2--C-23,2020-10-27 00:00:00+00:00,,,,,,,,
Kawanda,SE202010_(242555C1/242996),Nakawere-R-3-C-12,Nakawere,1,2905,2905-R-1--C-24,2020-10-14 00:00:00+00:00,,,,,,,,
Kawanda,SE202010_(242828C1/242990),660K-1-R-1--C-13,660K-1,1,402,402-R-4--C-24,2020-10-23 00:00:00+00:00,,,,,,,,
Kawanda,SE202010_(242835C1/243059),376K-1-R-9--C-8,376K-1,1,AG201087-4,AG201087-4-R-8--C-22,2020-10-13 00:00:00+00:00,,,,,,,,
Kawanda,SE202010_(242842C1/243051),376K-1-R-9--C-14,376K-1,1,716,716-R-5--C-23,2020-10-09 00:00:00+00:00,,,,,,,,
Kawanda,SE202010_(242895C1/242864),917K-1-R-1--C-5,917K-1,1,2905,2905-R-2--C-27,2020-10-01 00:00:00+00:00,,,,,,,,
Kawanda,SE202010_(242899C1/242864),917K-1-R-3--C-4,917K-1,1,2905,2905-R-2--C-27,2020-10-01 00:00:00+00:00,2021-01-22 21:00:00+00:00,,,,,,,
Kawanda,SE202010_(242953C1/242990),917K-1-R-1--C-3,917K-1,1,402,402-R-4--C-24,2020-10-22 00:00:00+00:00,,,,,,,,
Kawanda,SE202010_(242960C1/243051),660K-1-R-1--C-9,660K-1,1,716,716-R-5--C-23,2020-10-09 00:00:00+00:00,,,,,,,,
Kawanda,SE202010_(242968C1/242859),401K-1-R-6--C-4,401K-1,1,402,402-R-4--C-22,2020-10-27 00:00:00+00:00,,,,,,,,
Kawanda,SE202010_(242987C1/242859),917K-1-R-3--C-7,917K-1,1,402,402-R-4--C-22,2020-10-27 00:00:00+00:00,,,,,,,,
Kawanda,SE202010_(243022C1/242864),376K-1-R-6--C-9,376K-1,1,2905,2905-R-2--C-27,2020-10-09 00:00:00+00:00,,,,,,,,
Kawanda,SE202010_(243062C1/242864),401K-1-R-6--C-5,401K-1,1,2905,2905-R-2--C-27,2020-10-01 00:00:00+00:00,,,,,,,,
Kawanda,SE202010_(243357C1/243057),401K-1-R-6--C-38,401K-1,1,AG201087-4,AG201087-4-R-8--C-24,2020-10-12 00:00:00+00:00,,,,,,,,
Kawanda,SE202010_(243365C1/243057),660K-1-R-3--C-36,660K-1,1,AG201087-4,AG201087-4-R-8--C-24,2020-10-04 00:00:00+00:00,,,,,,,,
Kawanda,SE202010_(243377C2/243057),1411K-1-R-3--C-58,1411K-1,2,AG201087-4,AG201087-4-R-8--C-24,2020-10-13 00:00:00+00:00,,,,,,,,
Kawanda,SE202010_(243389C1/242999),199K-3-R-8--C-52,199K-3,1,AG201087-4,AG201087-4-R-7--C-22,2020-10-01 00:00:00+00:00,,,,,,,,
Kawanda,SE202010_(243404C1/242999),1201K-1-R-6--C-46,1201K-1,1,AG201087-4,AG201087-4-R-7--C-22,2020-10-01 00:00:00+00:00,2021-01-26 21:00:00+00:00,,,,,,,
Kawanda,SE202010_(243422C1/242999),401K-1-R-1--C-38,401K-1,1,AG201087-4,AG201087-4-R-7--C-22,2020-10-29 00:00:00+00:00,,,,,,,,
Kawanda,SE202010_(243427C1/242896),917K-2-R-2--C-50,917K-2,1,AG201087-4,AG201087-4-R-7--C-29,2020-10-01 00:00:00+00:00,2021-01-26 21:00:00+00:00,,,,,,,
Kawanda,SE202010_(243437C1/242999),376K-1-R-4--C-43,376K-1,1,AG201087-4,AG201087-4-R-7--C-22,2020-10-07 00:00:00+00:00,,,,,,,,
Kawanda,SE202010_(243441C1/242999),376K-1-R-3--C-42,376K-1,1,AG201087-4,AG201087-4-R-7--C-22,2020-10-23 00:00:00+00:00,,,,,,,,
Kawanda,SE202010_(243457C1/242999),199K-3-R-7--C-52,199K-3,1,AG201087-4,AG201087-4-R-7--C-22,2020-10-21 00:00:00+00:00,,,,,,,,
Kawanda,SE202010_(243464C1/242999),1411K-1-R-8--C-59,1411K-1,1,AG201087-4,AG201087-4-R-7--C-22,2020-10-12 00:00:00+00:00,,,,,,,,
Kawanda,SE202010_(243498C1/242999),401K-1-R-8--C-62,401K-1,1,AG201087-4,AG201087-4-R-7--C-22,2020-10-09 00:00:00+00:00,,,,,,,,
Kawanda,SE202010_(243501C1/243057),1411K-1-R-6--C-44,1411K-1,1,AG201087-4,AG201087-4-R-8--C-24,2020-10-21 00:00:00+00:00,,,,,,,,
Kawanda,SE202010_(243513C1/242896),246K-1-R-4--C-54,246K-1,1,AG201087-4,AG201087-4-R-7--C-29,2020-10-05 00:00:00+00:00,,,,,,,,
Kawanda,SE202010_(243513C2/242896),246K-1-R-4--C-54,246K-1,2,AG201087-4,AG201087-4-R-7--C-29,2020-10-20 00:00:00+00:00,,,,,,,,
Kawanda,SE202010_(243563C2/242866),Nabio1117-R-2--C-56,Nabio1117,2,AG201087-4,AG201087-4-R-9--C-22,2020-10-22 00:00:00+00:00,,,,,,,,
Kawanda,SE202010_(243587C1/243057),376K-1-R-6--C-42,376K-1,1,AG201087-4,AG201087-4-R-8--C-24,2020-10-13 00:00:00+00:00,,,,,,,,
Kawanda,SE202010_(243588C1/242999),401K-1-R-6--C-63,401K-1,1,AG201087-4,AG201087-4-R-7--C-22,2020-10-07 00:00:00+00:00,,,,,,,,
Kawanda,SE202010_(243589C1/242896),Nabio1117-R-5--C-57,Nabio1117,1,AG201087-4,AG201087-4-R-7--C-29,2020-10-27 00:00:00+00:00,,,,,,,,
Kawanda,SE202010_(243613C1/243057),Nabio1117-R-7--C-56,Nabio1117,1,AG201087-4,AG201087-4-R-8--C-24,2020-10-26 00:00:00+00:00,,,,,,,,
Kawanda,SE202010_(243622C1/242999),Nabio1117-R-1--C-57,Nabio1117,1,AG201087-4,AG201087-4-R-7--C-22,2020-10-06 00:00:00+00:00,,,,,,,,
Kawanda,SE202010_(243628C1/242896),246K-1-R-5--C-54,246K-1,1,AG201087-4,AG201087-4-R-7--C-29,2020-10-24 00:00:00+00:00,,,,,,,,
Kawanda,SE202010_(243630C1/243057),660K-1-R-5--C-36,660K-1,1,AG201087-4,AG201087-4-R-8--C-24,2020-10-05 00:00:00+00:00,,,,,,,,
Kawanda,SE202010_(243636C1/242999),Nabio1117-R-6--C-56,Nabio1117,1,AG201087-4,AG201087-4-R-7--C-22,2020-10-04 00:00:00+00:00,,,,,,,,
Kawanda,SE202010_(243674C1/242896),246K-1-R-2--C-48,246K-1,1,AG201087-4,AG201087-4-R-7--C-29,2020-10-10 00:00:00+00:00,,,,,,,,
Kawanda,SE202010_(243674C2/242896),246K-1-R-2--C-48,246K-1,2,AG201087-4,AG201087-4-R-7--C-29,2020-10-12 00:00:00+00:00,,,,,,,,
Kawanda,SE202010_(243766C1/242999),401K-1-R-6--C-40,401K-1,1,AG201087-4,AG201087-4-R-7--C-22,2020-10-09 00:00:00+00:00,2021-01-24 21:00:00+00:00,,,,,,,
Kawanda,SE202010_(243772C1/242999),199K-3-R-7--C-53,199K-3,1,AG201087-4,AG201087-4-R-7--C-22,2020-10-04 00:00:00+00:00,2021-01-26 21:00:00+00:00,,,,,,,
Kawanda,SE202010_(243790C1/243057),1411K-1-R-4--C-59,1411K-1,1,AG201087-4,AG201087-4-R-8--C-24,2020-10-16 00:00:00+00:00,,,,,,,,
Kawanda,SE202010_(243801C1/242896),199K-3-R-2--C-53,199K-3,1,AG201087-4,AG201087-4-R-7--C-29,2020-10-18 00:00:00+00:00,,,,,,,,
Kawanda,SE202010_(243801C2/242896),199K-3-R-2--C-53,199K-3,2,AG201087-4,AG201087-4-R-7--C-29,2020-10-18 00:00:00+00:00,,,,,,,,
Kawanda,SE202010_(243822C1/243057),660K-1-R-1--C-37,660K-1,1,AG201087-4,AG201087-4-R-8--C-24,2020-10-12 00:00:00+00:00,,,,,,,,
Kawanda,SE202010_(243918C1/242996),Enzirabahima-r3-c50,ITC1354-Enzirabahima,1,2905,2905-R-1--C-24,2020-10-14 00:00:00+00:00,,,,,,,,
Kawanda,SE202010_(243965C1/242999),401K-1-r6-c27,401K-1,1,AG201087-4,AG201087-4-R-7--C-22,2020-10-05 00:00:00+00:00,,,,,,,,
Kawanda,SE202010_(244002C1/244010),IITA-Nakyetengu-r5-c32,IITA-Nakyetengu,1,2905,2905-r5-c31,2020-10-17 00:00:00+00:00,,,,,,,,
Kawanda,SE202010_(244004C2/242996),Namande-r4-c47,Namande,2,2905,2905-R-1--C-24,2020-09-23 00:00:00+00:00,,,,,,,,
Kawanda,SE202010_(244044C1/242999),365K-1-r1-c18,365K-1,1,AG201087-4,AG201087-4-R-7--C-22,2020-10-04 00:00:00+00:00,,,,,,,,
Kawanda,SE202010_(244141C1/242999),1747K-1-r6-c4,1747K-1,1,AG201087-4,AG201087-4-R-7--C-22,2020-10-07 00:00:00+00:00,,,,,,,,
Kawanda,SE202010_(244170C1/242999),222K-1-r6-c10,222K-1,1,AG201087-4,AG201087-4-R-7--C-22,2020-10-23 00:00:00+00:00,,,,,,,,
Kawanda,SE202010_(244173C1/242999),401K-1-r6-c26,401K-1,1,AG201087-4,AG201087-4-R-7--C-22,2020-10-26 00:00:00+00:00,,,,,,,,
Kawanda,SE202010_(244191C1/242999),1747K-1-r4-c3,1747K-1,1,AG201087-4,AG201087-4-R-7--C-22,2020-10-07 00:00:00+00:00,,,,,,,,
Kawanda,SE202010_(244231C2/242999),1747K-1-r3-c3,1747K-1,2,AG201087-4,AG201087-4-R-7--C-22,2020-10-16 00:00:00+00:00,,,,,,,,
Kawanda,SE202010_(244254C1/244322),Nakawere-r5-c39,Nakawere,1,2905,2905-r7-c31,2020-10-10 00:00:00+00:00,2021-01-24 21:00:00+00:00,,,,,,,
Kawanda,SE202010_(244290C1/242999),1747K-1-r1-c4,1747K-1,1,AG201087-4,AG201087-4-R-7--C-22,2020-10-23 00:00:00+00:00,,,,,,,,
Kawanda,SE202010_(244304C1/242999),222K-1-r3-c9,222K-1,1,AG201087-4,AG201087-4-R-7--C-22,2020-10-23 00:00:00+00:00,,,,,,,,
Kawanda,SE202010_(244314C1/242996),Namande-r3-c46,Namande,1,2905,2905-R-1--C-24,2020-10-19 00:00:00+00:00,2020-12-30 21:00:00+00:00,2021-01-15 00:00:00+00:00,0.0,,,,,
Kawanda,SE202010_(244324C1/242999),401K-1-r3-c27,401K-1,1,AG201087-4,AG201087-4-R-7--C-22,2020-10-05 00:00:00+00:00,,,,,,,,
Kawanda,SE202010_(244337C1/244322),Nakawere-r7-c38,Nakawere,1,2905,2905-r7-c31,2020-10-05 00:00:00+00:00,2020-12-30 21:00:00+00:00,2021-01-15 00:00:00+00:00,0.0,,,,,
Kawanda,SE202010_(244379C1/242999),222K-1-r6-c12,222K-1,1,AG201087-4,AG201087-4-R-7--C-22,2020-10-01 00:00:00+00:00,,,,,,,,
Kawanda,SE202010_(244384C1/242999),1747K-1-r3-c2,1747K-1,1,AG201087-4,AG201087-4-R-7--C-22,2020-10-16 00:00:00+00:00,,,,,,,,
Kawanda,SE202011_(240009C1/242855),enz-r6-c3,ITC1354-Enzirabahima,1,2905,2905-R-1--C-25,2020-11-02 00:00:00+00:00,,,,,,,,
Kawanda,SE202011_(240013C1/242875),enz-r3-c12,ITC1354-Enzirabahima,1,2905,2905-R-2--C-30,2020-11-04 00:00:00+00:00,,,,,,,,
Kawanda,SE202011_(240038C1/242875),enz-r7-c8,ITC1354-Enzirabahima,1,2905,2905-R-2--C-30,2020-11-18 00:00:00+00:00,,,,,,,,
Kawanda,SE202011_(240084C1/242875),enz-r1-c12,ITC1354-Enzirabahima,1,2905,2905-R-2--C-30,2020-11-24 00:00:00+00:00,,,,,,,,
Kawanda,SE202011_(240103C1/242875),enz-r3-c9,ITC1354-Enzirabahima,1,2905,2905-R-2--C-30,2020-11-12 00:00:00+00:00,,,,,,,,
Kawanda,SE202011_(240107C1/242875),enz-r3-c2,ITC1354-Enzirabahima,1,2905,2905-R-2--C-30,2020-11-18 00:00:00+00:00,,,,,,,,
Kawanda,SE202011_(240130C1/242875),enz-r5-c10,ITC1354-Enzirabahima,1,2905,2905-R-2--C-30,2020-11-07 00:00:00+00:00,,,,,,,,
Kawanda,SE202011_(240132C1/242875),enz-r9-c6,ITC1354-Enzirabahima,1,2905,2905-R-2--C-30,2020-11-12 00:00:00+00:00,,,,,,,,
Kawanda,SE202011_(240139C1/242875),enz-r2-c1,ITC1354-Enzirabahima,1,2905,2905-R-2--C-30,2020-11-08 00:00:00+00:00,,,,,,,,
Kawanda,SE202011_(240148C1/242875),enz-r8-c8,ITC1354-Enzirabahima,1,2905,2905-R-2--C-30,2020-11-12 00:00:00+00:00,,,,,,,,
Kawanda,SE202011_(240149C1/242875),enz-r4-c15,ITC1354-Enzirabahima,1,2905,2905-R-2--C-30,2020-11-23 00:00:00+00:00,,,,,,,,
Kawanda,SE202011_(240179C1/242875),enz-r7-c2,ITC1354-Enzirabahima,1,2905,2905-R-2--C-30,2020-11-04 00:00:00+00:00,,,,,,,,
Kawanda,SE202011_(240268C1/242875),enz-r1-c6,ITC1354-Enzirabahima,1,2905,2905-R-2--C-30,2020-11-18 00:00:00+00:00,,,,,,,,
Kawanda,SE202011_(242310C1/243074),Bitambi-R-6-C-7,Bitambi,1,2905,2905-R-2--C-24,2020-11-18 00:00:00+00:00,,,,,,,,
Kawanda,SE202011_(242343C1/242829),Nakawere-R-3-C-10,Nakawere,1,2905,2905-R-2--C-22,2020-11-23 00:00:00+00:00,,,,,,,,
Kawanda,SE202011_(242386C1/242829),Kabucuragye-R-6-C-20,Kabucuragye,1,2905,2905-R-2--C-22,2020-11-20 00:00:00+00:00,,,,,,,,
Kawanda,SE202011_(242392C2/242850),Nakawere-R-8-C-11,Nakawere,2,2905,2905-R-2--C-23,2020-11-10 00:00:00+00:00,,,,,,,,
Kawanda,SE202011_(242458C1/242850),Namande-R-4-C-3,Namande,1,2905,2905-R-2--C-23,2020-11-02 00:00:00+00:00,,,,,,,,
Kawanda,SE202011_(242465C1/242850),Kabucuragye-R-6-C-21,Kabucuragye,1,2905,2905-R-2--C-23,2020-11-18 00:00:00+00:00,,,,,,,,
Kawanda,SE202011_(242486C1/243074),Namande-R-8-C-4,Namande,1,2905,2905-R-2--C-24,2020-11-18 00:00:00+00:00,,,,,,,,
Kawanda,SE202011_(242500C1/242850),Nakawere-R-6-C-8,Nakawere,1,2905,2905-R-2--C-23,2020-11-15 00:00:00+00:00,,,,,,,,
Kawanda,SE202011_(242524C1/242829),IITA-Nakyetengu-R-1-C-24,IITA-Nakyetengu,1,2905,2905-R-2--C-22,2020-11-20 00:00:00+00:00,,,,,,,,
Kawanda,SE202011_(242532C1/242829),Namande-R-1-C-2,Namande,1,2905,2905-R-2--C-22,2020-11-23 00:00:00+00:00,,,,,,,,
Kawanda,SE202011_(242536C1/242850),Nakawere-R-7-C-14,Nakawere,1,2905,2905-R-2--C-23,2020-11-15 00:00:00+00:00,,,,,,,,
Kawanda,SE202011_(242547C1/242850),Bitambi-R-1-C-5,Bitambi,1,2905,2905-R-2--C-23,2020-11-10 00:00:00+00:00,,,,,,,,
Kawanda,SE202011_(242547C2/242850),Bitambi-R-1-C-5,Bitambi,2,2905,2905-R-2--C-23,2020-11-12 00:00:00+00:00,,,,,,,,
Kawanda,SE202011_(242811C1/242977),222K-1-R-4--C-17,222K-1,1,402,402-R-3--C-25,2020-11-11 00:00:00+00:00,,,,,,,,
Kawanda,SE202011_(242834C1/242977),660K-1-R-4--C-9,660K-1,1,402,402-R-3--C-25,2020-11-12 00:00:00+00:00,,,,,,,,
Kawanda,SE202011_(242843C1/242977),917K-1-R-2--C-7,917K-1,1,402,402-R-3--C-25,2020-11-28 00:00:00+00:00,,,,,,,,
Kawanda,SE202011_(242902C1/242839),401K-1-R-8--C-7,401K-1,1,402,402-R-4--C-26,2020-11-16 00:00:00+00:00,,,,,,,,
Kawanda,SE202011_(242905C1/242977),660K-1-R-1--C-14,660K-1,1,402,402-R-3--C-25,2020-11-02 00:00:00+00:00,,,,,,,,
Kawanda,SE202011_(242909C1/243029),917K-1-R-4--C-3,917K-1,1,AG201087-4,AG201087-4-R-7--C-24,2020-11-24 00:00:00+00:00,,,,,,,,
Kawanda,SE202011_(242916C1/243074),660K-1-R-3--C-10,660K-1,1,2905,2905-R-2--C-24,2020-11-03 00:00:00+00:00,,,,,,,,
Kawanda,SE202011_(242928C1/242839),376K-1-R-8--C-9,376K-1,1,402,402-R-4--C-26,2020-11-16 00:00:00+00:00,,,,,,,,
Kawanda,SE202011_(242933C1/242845),660K-1-R-1--C-12,660K-1,1,2905,2905-R-1--C-22,2020-11-02 00:00:00+00:00,,,,,,,,
Kawanda,SE202011_(242955C1/242839),401K-1-R-9--C-4,401K-1,1,402,402-R-4--C-26,2020-11-16 00:00:00+00:00,,,,,,,,
Kawanda,SE202011_(242986C1/242839),401K-1-R-6--C-2,401K-1,1,402,402-R-4--C-26,2020-11-16 00:00:00+00:00,,,,,,,,
Kawanda,SE202011_(243002C1/243029),376K-1-R-8--C-8,376K-1,1,AG201087-4,AG201087-4-R-7--C-24,2020-11-24 00:00:00+00:00,,,,,,,,
Kawanda,SE202011_(243006C1/242839),1201K-1-R-9--C-18,1201K-1,1,402,402-R-4--C-26,2020-11-16 00:00:00+00:00,,,,,,,,
Kawanda,SE202011_(243025C1/243074),401K-1-R-7--C-4,401K-1,1,2905,2905-R-2--C-24,2020-11-03 00:00:00+00:00,,,,,,,,
Kawanda,SE202011_(243025C2/243074),401K-1-R-7--C-4,401K-1,2,2905,2905-R-2--C-24,2020-11-07 00:00:00+00:00,,,,,,,,
Kawanda,SE202011_(243049C1/243029),660K-1-R-2--C-10,660K-1,1,AG201087-4,AG201087-4-R-7--C-24,2020-11-24 00:00:00+00:00,,,,,,,,
Kawanda,SE202011_(243386C1/242999),1411K-1-R-8--C-58,1411K-1,1,AG201087-4,AG201087-4-R-7--C-22,2020-11-04 00:00:00+00:00,,,,,,,,
Kawanda,SE202011_(243386C2/242999),1411K-1-R-8--C-58,1411K-1,2,AG201087-4,AG201087-4-R-7--C-22,2020-11-21 00:00:00+00:00,,,,,,,,
Kawanda,SE202011_(243395C1/242896),Nabio1117-R-2--C-57,Nabio1117,1,AG201087-4,AG201087-4-R-7--C-29,2020-11-09 00:00:00+00:00,,,,,,,,
Kawanda,SE202011_(243423C1/242896),917K-2-R-4--C-50,917K-2,1,AG201087-4,AG201087-4-R-7--C-29,2020-11-03 00:00:00+00:00,,,,,,,,
Kawanda,SE202011_(243450C1/242999),1201K-1-R-4--C-46,1201K-1,1,AG201087-4,AG201087-4-R-7--C-22,2020-11-30 00:00:00+00:00,,,,,,,,
Kawanda,SE202011_(243466C1/242999),401K-1-R-5--C-63,401K-1,1,AG201087-4,AG201087-4-R-7--C-22,2020-11-11 00:00:00+00:00,,,,,,,,
Kawanda,SE202011_(243472C1/242946),246K-1-R-5--C-48,246K-1,1,AG201087-4,AG201087-4-R-8--C-23,2020-11-21 00:00:00+00:00,,,,,,,,
Kawanda,SE202011_(243502C1/242946),Nabio1117-R-1--C-56,Nabio1117,1,AG201087-4,AG201087-4-R-8--C-23,2020-11-13 00:00:00+00:00,,,,,,,,
Kawanda,SE202011_(243611C1/242896),246K-1-R-8--C-54,246K-1,1,AG201087-4,AG201087-4-R-7--C-29,2020-11-02 00:00:00+00:00,,,,,,,,
Kawanda,SE202011_(243617C1/242999),1411K-1-R-6--C-60,1411K-1,1,AG201087-4,AG201087-4-R-7--C-22,2020-11-23 00:00:00+00:00,,,,,,,,
Kawanda,SE202011_(243649C1/243057),660K-1-R-7--C-37,660K-1,1,AG201087-4,AG201087-4-R-8--C-24,2020-11-12 00:00:00+00:00,,,,,,,,
Kawanda,SE202011_(243668C1/242999),401K-1-R-5--C-41,401K-1,1,AG201087-4,AG201087-4-R-7--C-22,2020-11-18 00:00:00+00:00,,,,,,,,
Kawanda,SE202011_(243673C1/242999),1201K-1-R-8--C-47,1201K-1,1,AG201087-4,AG201087-4-R-7--C-22,2020-11-15 00:00:00+00:00,,,,,,,,
Kawanda,SE202011_(243690C1/242999),401K-1-R-7--C-62,401K-1,1,AG201087-4,AG201087-4-R-7--C-22,2020-11-08 00:00:00+00:00,,,,,,,,
Kawanda,SE202011_(243691C1/242999),401K-1-R-4--C-41,401K-1,1,AG201087-4,AG201087-4-R-7--C-22,2020-11-18 00:00:00+00:00,,,,,,,,
Kawanda,SE202011_(243709C1/242896),199K-3-R-3--C-53,199K-3,1,AG201087-4,AG201087-4-R-7--C-29,2020-11-30 00:00:00+00:00,,,,,,,,
Kawanda,SE202011_(243715C1/242896),1411K-1-R-2--C-58,1411K-1,1,AG201087-4,AG201087-4-R-7--C-29,2020-11-14 00:00:00+00:00,,,,,,,,
Kawanda,SE202011_(243741C1/242946),1411K-1-R-1--C-45,1411K-1,1,AG201087-4,AG201087-4-R-8--C-23,2020-11-25 00:00:00+00:00,,,,,,,,
Kawanda,SE202011_(243754C1/242999),660K-1-R-3--C-37,660K-1,1,AG201087-4,AG201087-4-R-7--C-22,2020-11-10 00:00:00+00:00,,,,,,,,
Kawanda,SE202011_(243754C2/242999),660K-1-R-3--C-37,660K-1,2,AG201087-4,AG201087-4-R-7--C-22,2020-11-28 00:00:00+00:00,,,,,,,,
Kawanda,SE202011_(243765C1/242896),917K-2-R-5--C-51,917K-2,1,AG201087-4,AG201087-4-R-7--C-29,2020-11-08 00:00:00+00:00,,,,,,,,
Kawanda,SE202011_(243772C2/242999),199K-3-R-7--C-53,199K-3,2,AG201087-4,AG201087-4-R-7--C-22,2020-11-23 00:00:00+00:00,,,,,,,,
Kawanda,SE202011_(243817C1/242999),1154K-1-R-8--C-49,1154K-1,1,AG201087-4,AG201087-4-R-7--C-22,2020-11-30 00:00:00+00:00,,,,,,,,
Kawanda,SE202011_(243851C1/242999),1201K-1-R-3--C-46,1201K-1,1,AG201087-4,AG201087-4-R-7--C-22,2020-11-30 00:00:00+00:00,,,,,,,,
Kawanda,SE202011_(243853C1/242999),401K-1-R-7--C-41,401K-1,1,AG201087-4,AG201087-4-R-7--C-22,2020-11-18 00:00:00+00:00,,,,,,,,
Kawanda,SE202011_(243893C1/242999),401K-1-r2-c26,401K-1,1,AG201087-4,AG201087-4-R-7--C-22,2020-11-10 00:00:00+00:00,,,,,,,,
Kawanda,SE202011_(243903C1/244010),IITA-Nakyetengu-r4-c32,IITA-Nakyetengu,1,2905,2905-r5-c31,2020-11-07 00:00:00+00:00,,,,,,,,
Kawanda,SE202011_(243921C1/242999),1747K-1-r1-c2,1747K-1,1,AG201087-4,AG201087-4-R-7--C-22,2020-11-03 00:00:00+00:00,,,,,,,,
Kawanda,SE202011_(243922C1/244357),Nakawere-r6-c40,Nakawere,1,2905,2905-r6-c31,2020-11-08 00:00:00+00:00,,,,,,,,
Kawanda,SE202011_(243924C1/242999),1747K-1-r7-c3,1747K-1,1,AG201087-4,AG201087-4-R-7--C-22,2020-11-05 00:00:00+00:00,,,,,,,,
Kawanda,SE202011_(243960C1/243057),660K-1-r1-c8,660K-1,1,AG201087-4,AG201087-4-R-8--C-24,2020-11-28 00:00:00+00:00,,,,,,,,
Kawanda,SE202011_(243968C1/242999),376K-1-r3-c24,376K-1,1,AG201087-4,AG201087-4-R-7--C-22,2020-11-19 00:00:00+00:00,,,,,,,,
Kawanda,SE202011_(243970C1/244322),IITA-Nakyetengu-r7-c33,IITA-Nakyetengu,1,2905,2905-r7-c31,2020-11-15 00:00:00+00:00,,,,,,,,
Kawanda,SE202011_(243979C1/242999),1747K-1-r6-c3,1747K-1,1,AG201087-4,AG201087-4-R-7--C-22,2020-11-07 00:00:00+00:00,,,,,,,,
Kawanda,SE202011_(243985C1/242999),1747K-1-r1-c3,1747K-1,1,AG201087-4,AG201087-4-R-7--C-22,2020-11-06 00:00:00+00:00,,,,,,,,
Kawanda,SE202011_(244038C1/242999),376K-1-r4-c22,376K-1,1,AG201087-4,AG201087-4-R-7--C-22,2020-11-06 00:00:00+00:00,,,,,,,,
Kawanda,SE202011_(244064C1/242996),Namande-r3-c49,Namande,1,2905,2905-R-1--C-24,2020-11-08 00:00:00+00:00,,,,,,,,
Kawanda,SE202011_(244080C1/243057),1201K-r7-c15,1201K-1,1,AG201087-4,AG201087-4-R-8--C-24,2020-11-27 00:00:00+00:00,,,,,,,,
Kawanda,SE202011_(244091C1/242999),1201K-r1-c15,1201K-1,1,AG201087-4,AG201087-4-R-7--C-22,2020-11-05 00:00:00+00:00,,,,,,,,
Kawanda,SE202011_(244101C1/242999),1201K-r1-c13,1201K-1,1,AG201087-4,AG201087-4-R-7--C-22,2020-11-03 00:00:00+00:00,,,,,,,,
Kawanda,SE202011_(244156C1/242999),376K-1-r7-c23,376K-1,1,AG201087-4,AG201087-4-R-7--C-22,2020-11-17 00:00:00+00:00,,,,,,,,
Kawanda,SE202011_(244193C1/242999),401K-1-r5-c25,401K-1,1,AG201087-4,AG201087-4-R-7--C-22,2020-11-04 00:00:00+00:00,,,,,,,,
Kawanda,SE202011_(244199C1/243057),222K-1-r6-c9,222K-1,1,AG201087-4,AG201087-4-R-8--C-24,2020-11-14 00:00:00+00:00,,,,,,,,
Kawanda,SE202011_(244256C1/244357),Nakawere-r6-c39,Nakawere,1,2905,2905-r6-c31,2020-11-18 00:00:00+00:00,,,,,,,,
Kawanda,SE202011_(244273C1/242999),1201K-r5-c13,1201K-1,1,AG201087-4,AG201087-4-R-7--C-22,2020-11-21 00:00:00+00:00,,,,,,,,
Kawanda,SE202011_(244283C1/243057),1747K-1-r1-c1,1747K-1,1,AG201087-4,AG201087-4-R-8--C-24,2020-11-16 00:00:00+00:00,,,,,,,,
Kawanda,SE202011_(244308C1/242999),401K-1-r7-c25,401K-1,1,AG201087-4,AG201087-4-R-7--C-22,2020-11-27 00:00:00+00:00,,,,,,,,
Kawanda,SE202011_(244366C1/242999),365K-1-r7-c18,365K-1,1,AG201087-4,AG201087-4-R-7--C-22,2020-11-27 00:00:00+00:00,,,,,,,,
Kawanda,SE202011_(244378C1/243938),IITA-Nakyetengu-r3-c35,IITA-Nakyetengu,1,2905,2905-r3-c31,2020-11-12 00:00:00+00:00,,,,,,,,
Kawanda,SE202011_(244387C1/242996),Enzirabahima-r3-c52,ITC1354-Enzirabahima,1,2905,2905-R-1--C-24,2020-11-18 00:00:00+00:00,,,,,,,,
Kawanda,SE202011_(244406C1/244242),Nakawere-r1-c37,Nakawere,1,2905,2905-r1-c31,2020-11-02 00:00:00+00:00,,,,,,,,
Kawanda,SE202012_(240003C1/242875),enz-r3-c1,ITC1354-Enzirabahima,1,2905,2905-R-2--C-30,2020-12-10 00:00:00+00:00,,,,,,,,
Kawanda,SE202012_(240032C1/242875),enz-r8-c2,ITC1354-Enzirabahima,1,2905,2905-R-2--C-30,2020-12-01 00:00:00+00:00,,,,,,,,
Kawanda,SE202012_(240078C1/242875),enz-r2-c3,ITC1354-Enzirabahima,1,2905,2905-R-2--C-30,2020-12-31 00:00:00+00:00,,,,,,,,
Kawanda,SE202012_(240122C1/242875),enz-r6-c1,ITC1354-Enzirabahima,1,2905,2905-R-2--C-30,2020-12-28 00:00:00+00:00,,,,,,,,
Kawanda,SE202012_(240188C1/242875),enz-r9-c13,ITC1354-Enzirabahima,1,2905,2905-R-2--C-30,2020-12-18 00:00:00+00:00,,,,,,,,
Kawanda,SE202012_(240226C1/242875),enz-r9-c2,ITC1354-Enzirabahima,1,2905,2905-R-2--C-30,2020-12-01 00:00:00+00:00,,,,,,,,
Kawanda,SE202012_(240292C1/242875),enz-r8-c5,ITC1354-Enzirabahima,1,2905,2905-R-2--C-30,2020-12-18 00:00:00+00:00,,,,,,,,
Kawanda,SE202012_(240308C1/242875),enz-r4-c2,ITC1354-Enzirabahima,1,2905,2905-R-2--C-30,2020-12-18 00:00:00+00:00,,,,,,,,
Kawanda,SE202012_(242318C1/242829),Nakawere-R-4-C-14,Nakawere,1,2905,2905-R-2--C-22,2020-12-16 00:00:00+00:00,,,,,,,,
Kawanda,SE202012_(242318C2/242829),Nakawere-R-4-C-14,Nakawere,2,2905,2905-R-2--C-22,2020-12-25 00:00:00+00:00,,,,,,,,
Kawanda,SE202012_(242355C1/242829),Nakawere-R-8-C-9,Nakawere,1,2905,2905-R-2--C-22,2020-12-29 00:00:00+00:00,,,,,,,,
Kawanda,SE202012_(242389C2/242829),Kabucuragye-R-1-C-21,Kabucuragye,2,2905,2905-R-2--C-22,2020-12-16 00:00:00+00:00,,,,,,,,
Kawanda,SE202012_(242413C1/242875),Nakawere-R-3-C-9,Nakawere,1,2905,2905-R-2--C-30,2020-12-01 00:00:00+00:00,,,,,,,,
Kawanda,SE202012_(242427C1/242829),Nakawere-R-2-C-8,Nakawere,1,2905,2905-R-2--C-22,2020-12-04 00:00:00+00:00,,,,,,,,
Kawanda,SE202012_(242429C1/242829),Kabucuragye-R-6-C-18,Kabucuragye,1,2905,2905-R-2--C-22,2020-12-23 00:00:00+00:00,,,,,,,,
Kawanda,SE202012_(242440C1/242829),Kabucuragye-R-6-C-16,Kabucuragye,1,2905,2905-R-2--C-22,2020-12-04 00:00:00+00:00,,,,,,,,
Kawanda,SE202012_(242506C1/242829),Kabucuragye-R-2-C-19,Kabucuragye,1,2905,2905-R-2--C-22,2020-12-23 00:00:00+00:00,,,,,,,,
Kawanda,SE202012_(242520C1/242829),Bitambi-R-8-C-5,Bitambi,1,2905,2905-R-2--C-22,2020-12-14 00:00:00+00:00,,,,,,,,
Kawanda,SE202012_(242530C1/242829),Nakawere-R-6-C-10,Nakawere,1,2905,2905-R-2--C-22,2020-12-14 00:00:00+00:00,,,,,,,,
Kawanda,SE202012_(242536C2/242829),Nakawere-R-7-C-14,Nakawere,2,2905,2905-R-2--C-22,2020-12-25 00:00:00+00:00,,,,,,,,
Kawanda,SE202012_(242543C1/242829),Nakawere-R-5-C-13,Nakawere,1,2905,2905-R-2--C-22,2020-12-14 00:00:00+00:00,,,,,,,,
Kawanda,SE202012_(242551C1/242829),Nakawere-R-7-C-9,Nakawere,1,2905,2905-R-2--C-22,2020-12-16 00:00:00+00:00,,,,,,,,
Kawanda,SE202012_(242837C1/242879),1201K-1-R-6--C-16,1201K-1,1,402,402-R-3--C-24,2020-12-30 00:00:00+00:00,,,,,,,,
Kawanda,SE202012_(242923C1/242879),222K-1-R-3--C-20,222K-1,1,402,402-R-3--C-24,2020-12-28 00:00:00+00:00,,,,,,,,
Kawanda,SE202012_(242979C1/242879),376K-1-R-7--C-13,376K-1,1,402,402-R-3--C-24,2020-12-29 00:00:00+00:00,,,,,,,,
Kawanda,SE202012_(242982C1/242915),376K-1-R-7--C-9,376K-1,1,402,402-R-3--C-22,2020-12-14 00:00:00+00:00,,,,,,,,
Kawanda,SE202012_(243352C1/243057),376K-1-R-2--C-42,376K-1,1,AG201087-4,AG201087-4-R-8--C-24,2020-12-23 00:00:00+00:00,,,,,,,,
Kawanda,SE202012_(243404C2/242999),1201K-1-R-6--C-46,1201K-1,2,AG201087-4,AG201087-4-R-7--C-22,2020-12-09 00:00:00+00:00,,,,,,,,
Kawanda,SE202012_(243416C1/243057),1411K-1-R-2--C-59,1411K-1,1,AG201087-4,AG201087-4-R-8--C-24,2020-12-04 00:00:00+00:00,,,,,,,,
Kawanda,SE202012_(243422C2/243057),401K-1-R-1--C-38,401K-1,2,AG201087-4,AG201087-4-R-8--C-24,2020-12-19 00:00:00+00:00,,,,,,,,
Kawanda,SE202012_(243427C2/242999),917K-2-R-2--C-50,917K-2,2,AG201087-4,AG201087-4-R-7--C-22,2020-12-16 00:00:00+00:00,,,,,,,,
Kawanda,SE202012_(243432C1/243057),1411K-1-R-4--C-45,1411K-1,1,AG201087-4,AG201087-4-R-8--C-24,2020-12-23 00:00:00+00:00,,,,,,,,
Kawanda,SE202012_(243441C2/242999),376K-1-R-3--C-42,376K-1,2,AG201087-4,AG201087-4-R-7--C-22,2020-12-10 00:00:00+00:00,,,,,,,,
Kawanda,SE202012_(243452C2/243057),660K-1-R-1--C-36,660K-1,2,AG201087-4,AG201087-4-R-8--C-24,2020-12-28 00:00:00+00:00,,,,,,,,
Kawanda,SE202012_(243457C2/242999),199K-3-R-7--C-52,199K-3,2,AG201087-4,AG201087-4-R-7--C-22,2020-12-04 00:00:00+00:00,,,,,,,,
Kawanda,SE202012_(243459C1/242896),Nabio1117-R-8--C-56,Nabio1117,1,AG201087-4,AG201087-4-R-7--C-29,2020-12-11 00:00:00+00:00,,,,,,,,
Kawanda,SE202012_(243473C1/243057),1411K-1-R-2--C-45,1411K-1,1,AG201087-4,AG201087-4-R-8--C-24,2020-12-18 00:00:00+00:00,,,,,,,,
Kawanda,SE202012_(243480C1/243057),1154K-1-R-7--C-49,1154K-1,1,AG201087-4,AG201087-4-R-8--C-24,2020-12-28 00:00:00+00:00,,,,,,,,
Kawanda,SE202012_(243499C1/242999),1411K-1-R-8--C-44,1411K-1,1,AG201087-4,AG201087-4-R-7--C-22,2020-12-14 00:00:00+00:00,,,,,,,,
Kawanda,SE202012_(243548C1/242999),401K-1-R-5--C-39,401K-1,1,AG201087-4,AG201087-4-R-7--C-22,2020-12-07 00:00:00+00:00,,,,,,,,
Kawanda,SE202012_(243576C1/242999),401K-1-R-4--C-62,401K-1,1,AG201087-4,AG201087-4-R-7--C-22,2020-12-03 00:00:00+00:00,,,,,,,,
Kawanda,SE202012_(243601C1/242999),1411K-1-R-7--C-58,1411K-1,1,AG201087-4,AG201087-4-R-7--C-22,2020-12-18 00:00:00+00:00,,,,,,,,
Kawanda,SE202012_(243613C2/242999),Nabio1117-R-7--C-56,Nabio1117,2,AG201087-4,AG201087-4-R-7--C-22,2020-12-18 00:00:00+00:00,,,,,,,,
Kawanda,SE202012_(243622C2/242896),Nabio1117-R-1--C-57,Nabio1117,2,AG201087-4,AG201087-4-R-7--C-29,2020-12-04 00:00:00+00:00,,,,,,,,
Kawanda,SE202012_(243637C1/242999),Nabio1117-R-6--C-57,Nabio1117,1,AG201087-4,AG201087-4-R-7--C-22,2020-12-06 00:00:00+00:00,,,,,,,,
Kawanda,SE202012_(243645C1/243057),1411K-1-R-3--C-44,1411K-1,1,AG201087-4,AG201087-4-R-8--C-24,2020-12-28 00:00:00+00:00,,,,,,,,
Kawanda,SE202012_(243661C1/242999),917K-2-R-6--C-51,917K-2,1,AG201087-4,AG201087-4-R-7--C-22,2020-12-08 00:00:00+00:00,,,,,,,,
Kawanda,SE202012_(243691C2/242999),401K-1-R-4--C-41,401K-1,2,AG201087-4,AG201087-4-R-7--C-22,2020-12-01 00:00:00+00:00,,,,,,,,
Kawanda,SE202012_(243701C1/242999),401K-1-R-8--C-61,401K-1,1,AG201087-4,AG201087-4-R-7--C-22,2020-12-18 00:00:00+00:00,,,,,,,,
Kawanda,SE202012_(243733C1/242999),660K-1-R-8--C-36,660K-1,1,AG201087-4,AG201087-4-R-7--C-22,2020-12-08 00:00:00+00:00,,,,,,,,
Kawanda,SE202012_(243739C1/242999),376K-1-R-1--C-43,376K-1,1,AG201087-4,AG201087-4-R-7--C-22,2020-12-07 00:00:00+00:00,,,,,,,,
Kawanda,SE202012_(243769C1/242999),401K-1-R-2--C-61,401K-1,1,AG201087-4,AG201087-4-R-7--C-22,2020-12-26 00:00:00+00:00,,,,,,,,
Kawanda,SE202012_(243780C1/242896),199K-3-R-1--C-52,199K-3,1,AG201087-4,AG201087-4-R-7--C-29,2020-12-04 00:00:00+00:00,,,,,,,,
Kawanda,SE202012_(243790C2/242999),1411K-1-R-4--C-59,1411K-1,2,AG201087-4,AG201087-4-R-7--C-22,2020-12-26 00:00:00+00:00,,,,,,,,
Kawanda,SE202012_(243806C1/242896),246K-1-R-7--C-55,246K-1,1,AG201087-4,AG201087-4-R-7--C-29,2020-12-14 00:00:00+00:00,,,,,,,,
Kawanda,SE202012_(243809C1/243057),376K-1-R-6--C-43,376K-1,1,AG201087-4,AG201087-4-R-8--C-24,2020-12-28 00:00:00+00:00,,,,,,,,
Kawanda,SE202012_(243819C1/242999),199K-3-R-1--C-53,199K-3,1,AG201087-4,AG201087-4-R-7--C-22,2020-12-23 00:00:00+00:00,,,,,,,,
Kawanda,SE202012_(243844C1/242999),376K-1-R-5--C-42,376K-1,1,AG201087-4,AG201087-4-R-7--C-22,2020-12-14 00:00:00+00:00,,,,,,,,
Kawanda,SE202012_(243847C1/243057),1411K-1-R-7--C-44,1411K-1,1,AG201087-4,AG201087-4-R-8--C-24,2020-12-22 00:00:00+00:00,,,,,,,,
Kawanda,SE202012_(243923C1/243057),660K-1-r1-c7,660K-1,1,AG201087-4,AG201087-4-R-8--C-24,2020-12-31 00:00:00+00:00,,,,,,,,
Kawanda,SE202012_(243936C1/244071),Namande-r1-c46,Namande,1,2905,2905-r5-c29,2020-12-18 00:00:00+00:00,,,,,,,,
Kawanda,SE202012_(243957C1/243057),1747K-1-r5-c1,1747K-1,1,AG201087-4,AG201087-4-R-8--C-24,2020-12-08 00:00:00+00:00,,,,,,,,
Kawanda,SE202012_(243995C1/242999),660K-1-r6-c8,660K-1,1,AG201087-4,AG201087-4-R-7--C-22,2020-12-12 00:00:00+00:00,,,,,,,,
Kawanda,SE202012_(244038C2/242999),376K-1-r4-c22,376K-1,2,AG201087-4,AG201087-4-R-7--C-22,2020-12-03 00:00:00+00:00,,,,,,,,
Kawanda,SE202012_(244051C1/242875),Namande-r6-c46,Namande,1,2905,2905-R-2--C-30,2020-11-26 00:00:00+00:00,,,,,,,,
Kawanda,SE202012_(244068C1/242999),376K-1-r4-c24,376K-1,1,AG201087-4,AG201087-4-R-7--C-22,2020-12-15 00:00:00+00:00,,,,,,,,
Kawanda,SE202012_(244089C1/244071),Enzirabahima-r5-c52,ITC1354-Enzirabahima,1,2905,2905-r5-c29,2020-12-04 00:00:00+00:00,,,,,,,,
Kawanda,SE202012_(244095C1/242875),Namande-r3-c47,Namande,1,2905,2905-R-2--C-30,2020-12-01 00:00:00+00:00,,,,,,,,
Kawanda,SE202012_(244166C1/243057),222K-1-r7-c11,222K-1,1,AG201087-4,AG201087-4-R-8--C-24,2020-12-16 00:00:00+00:00,,,,,,,,
Kawanda,SE202012_(244178C1/243057),365K-1-r5-c17,365K-1,1,AG201087-4,AG201087-4-R-8--C-24,2020-12-21 00:00:00+00:00,,,,,,,,
Kawanda,SE202012_(244193C2/242999),401K-1-r5-c25,401K-1,2,AG201087-4,AG201087-4-R-7--C-22,2020-12-15 00:00:00+00:00,,,,,,,,
Kawanda,SE202012_(244213C1/243057),365K-1-r7-c17,365K-1,1,AG201087-4,AG201087-4-R-8--C-24,2020-12-19 00:00:00+00:00,,,,,,,,
Kawanda,SE202012_(244224C1/242999),376K-1-r6-c24,376K-1,1,AG201087-4,AG201087-4-R-7--C-22,2020-12-01 00:00:00+00:00,,,,,,,,
Kawanda,SE202012_(244246C1/243057),1747K-1-r2-c1,1747K-1,1,AG201087-4,AG201087-4-R-8--C-24,2020-12-04 00:00:00+00:00,,,,,,,,
Kawanda,SE202012_(244262C1/243057),401K-1-r5-c26,401K-1,1,AG201087-4,AG201087-4-R-8--C-24,2020-12-31 00:00:00+00:00,,,,,,,,
Kawanda,SE202012_(244278C1/244071),Namande-r7-c46,Namande,1,2905,2905-r5-c29,2020-12-18 00:00:00+00:00,,,,,,,,
Kawanda,SE202012_(244313C1/243057),401K-1-r4-c25,401K-1,1,AG201087-4,AG201087-4-R-8--C-24,2020-12-28 00:00:00+00:00,,,,,,,,
Kawanda,SE202012_(244384C2/243057),1747K-1-r3-c2,1747K-1,2,AG201087-4,AG201087-4-R-8--C-24,2020-12-25 00:00:00+00:00,,,,,,,,
Kawanda,SE202012_(244394C1/243057),1747K-1-r4-c2,1747K-1,1,AG201087-4,AG201087-4-R-8--C-24,2020-12-08 00:00:00+00:00,,,,,,,,
Kawanda,SE202012_(244412C1/243057),222K-1-r2-c12,222K-1,1,AG201087-4,AG201087-4-R-8--C-24,2020-12-14 00:00:00+00:00,,,,,,,,
Kawanda,SE202101_(240001C1/242875),enz-r9-c9,ITC1354-Enzirabahima,1,2905,2905-R-2--C-30,2021-01-09 00:00:00+00:00,,,,,,,,
Kawanda,SE202101_(240047C1/242875),enz-r1-c13,ITC1354-Enzirabahima,1,2905,2905-R-2--C-30,2021-01-11 00:00:00+00:00,,,,,,,,
Kawanda,SE202101_(240123C1/242875),enz-r8-c13,ITC1354-Enzirabahima,1,2905,2905-R-2--C-30,2021-01-11 00:00:00+00:00,,,,,,,,
Kawanda,SE202101_(240128C2/242875),enz-r9-c5,ITC1354-Enzirabahima,2,2905,2905-R-2--C-30,2021-01-19 00:00:00+00:00,,,,,,,,
Kawanda,SE202101_(240135C1/242875),enz-r1-c5,ITC1354-Enzirabahima,1,2905,2905-R-2--C-30,2021-01-05 00:00:00+00:00,,,,,,,,
Kawanda,SE202101_(240282C1/242875),enz-r5-c8,ITC1354-Enzirabahima,1,2905,2905-R-2--C-30,2021-01-19 00:00:00+00:00,,,,,,,,
Kawanda,SE202101_(240286C1/242875),enz-r8-c3,ITC1354-Enzirabahima,1,2905,2905-R-2--C-30,2021-01-19 00:00:00+00:00,,,,,,,,
Kawanda,SE202101_(240302C1/242875),enz-r3-c7,ITC1354-Enzirabahima,1,2905,2905-R-2--C-30,2021-01-19 00:00:00+00:00,,,,,,,,
Kawanda,SE202101_(242311C1/242829),Kabucuragye-R-3-C-15,Kabucuragye,1,2905,2905-R-2--C-22,2021-01-26 00:00:00+00:00,,,,,,,,
Kawanda,SE202101_(242390C1/242829),Kabucuragye-R-4-C-20,Kabucuragye,1,2905,2905-R-2--C-22,2021-01-25 00:00:00+00:00,,,,,,,,
Kawanda,SE202101_(242391C1/242829),Kabucuragye-R-4-C-16,Kabucuragye,1,2905,2905-R-2--C-22,2021-01-12 00:00:00+00:00,,,,,,,,
Kawanda,SE202101_(242507C1/242829),Kabucuragye-R-4-C-19,Kabucuragye,1,2905,2905-R-2--C-22,2021-01-12 00:00:00+00:00,,,,,,,,
Kawanda,SE202101_(242532C2/242829),Namande-R-1-C-2,Namande,2,2905,2905-R-2--C-22,2021-01-04 00:00:00+00:00,,,,,,,,
Kawanda,SE202101_(242547C2/242829),Bitambi-R-1-C-5,Bitambi,2,2905,2905-R-2--C-22,2021-01-29 00:00:00+00:00,,,,,,,,
Kawanda,SE202101_(242830C1/242879),660K-1-R-4--C-11,660K-1,1,402,402-R-3--C-24,2021-01-05 00:00:00+00:00,,,,,,,,
Kawanda,SE202101_(242887C1/242915),660K-1-R-3--C-8,660K-1,1,402,402-R-3--C-22,2021-01-08 00:00:00+00:00,,,,,,,,
Kawanda,SE202101_(242959C1/242879),376K-1-R-7--C-14,376K-1,1,402,402-R-3--C-24,2021-01-04 00:00:00+00:00,,,,,,,,
Kawanda,SE202101_(242975C1/242915),222K-1-R-2--C-20,222K-1,1,402,402-R-3--C-22,2021-01-20 00:00:00+00:00,,,,,,,,
Kawanda,SE202101_(243073C1/242879),1201K-1-R-6--C-19,1201K-1,1,402,402-R-3--C-24,2021-01-05 00:00:00+00:00,,,,,,,,
Kawanda,SE202101_(243079C1/242915),376K-1-R-6--C-11,376K-1,1,402,402-R-3--C-22,2021-01-20 00:00:00+00:00,,,,,,,,
Kawanda,SE202101_(243367C1/242999),660K-1-R-4--C-36,660K-1,1,AG201087-4,AG201087-4-R-7--C-22,2021-01-26 00:00:00+00:00,,,,,,,,
Kawanda,SE202101_(243378C1/242999),246K-1-R-3--C-54,246K-1,1,AG201087-4,AG201087-4-R-7--C-22,2021-01-06 00:00:00+00:00,,,,,,,,
Kawanda,SE202101_(243384C1/242999),1411K-1-R-4--C-58,1411K-1,1,AG201087-4,AG201087-4-R-7--C-22,2021-01-22 00:00:00+00:00,,,,,,,,
Kawanda,SE202101_(243388C1/242999),1201K-1-R-6--C-47,1201K-1,1,AG201087-4,AG201087-4-R-7--C-22,2021-01-27 00:00:00+00:00,,,,,,,,
Kawanda,SE202101_(243391C1/243057),401K-1-R-4--C-63,401K-1,1,AG201087-4,AG201087-4-R-8--C-24,2021-01-02 00:00:00+00:00,,,,,,,,
Kawanda,SE202101_(243407C2/242999),199K-3-R-2--C-52,199K-3,2,AG201087-4,AG201087-4-R-7--C-22,2021-01-04 00:00:00+00:00,,,,,,,,
Kawanda,SE202101_(243433C1/242999),1201K-1-R-2--C-46,1201K-1,1,AG201087-4,AG201087-4-R-7--C-22,2021-01-26 00:00:00+00:00,,,,,,,,
Kawanda,SE202101_(243454C1/242999),401K-1-R-8--C-38,401K-1,1,AG201087-4,AG201087-4-R-7--C-22,2021-01-14 00:00:00+00:00,,,,,,,,
Kawanda,SE202101_(243469C1/243057),1411K-1-R-4--C-44,1411K-1,1,AG201087-4,AG201087-4-R-8--C-24,2021-01-02 00:00:00+00:00,,,,,,,,
Kawanda,SE202101_(243478C1/242999),199K-3-R-5--C-53,199K-3,1,AG201087-4,AG201087-4-R-7--C-22,2021-01-30 00:00:00+00:00,,,,,,,,
Kawanda,SE202101_(243498C2/242999),401K-1-R-8--C-62,401K-1,2,AG201087-4,AG201087-4-R-7--C-22,2021-01-04 00:00:00+00:00,,,,,,,,
Kawanda,SE202101_(243560C1/243057),917K-2-R-8--C-50,917K-2,1,AG201087-4,AG201087-4-R-8--C-24,2021-01-11 00:00:00+00:00,,,,,,,,
Kawanda,SE202101_(243566C1/242999),1411K-1-R-5--C-58,1411K-1,1,AG201087-4,AG201087-4-R-7--C-22,2021-01-06 00:00:00+00:00,,,,,,,,
Kawanda,SE202101_(243580C1/242999),401K-1-R-3--C-41,401K-1,1,AG201087-4,AG201087-4-R-7--C-22,2021-01-11 00:00:00+00:00,,,,,,,,
Kawanda,SE202101_(243592C1/242999),401K-1-R-8--C-40,401K-1,1,AG201087-4,AG201087-4-R-7--C-22,2021-01-11 00:00:00+00:00,,,,,,,,
Kawanda,SE202101_(243595C1/242999),401K-1-R-5--C-40,401K-1,1,AG201087-4,AG201087-4-R-7--C-22,2021-01-11 00:00:00+00:00,,,,,,,,
Kawanda,SE202101_(243622C2/242999),Nabio1117-R-1--C-57,Nabio1117,2,AG201087-4,AG201087-4-R-7--C-22,2021-01-24 00:00:00+00:00,,,,,,,,
Kawanda,SE202101_(243691C2/242999),401K-1-R-4--C-41,401K-1,2,AG201087-4,AG201087-4-R-7--C-22,2021-01-26 00:00:00+00:00,,,,,,,,
Kawanda,SE202101_(243701C2/242999),401K-1-R-8--C-61,401K-1,2,AG201087-4,AG201087-4-R-7--C-22,2021-01-05 00:00:00+00:00,,,,,,,,
Kawanda,SE202101_(243725C1/242854),1411K-1-R-3--C-59,1411K-1,1,AG201087-4,AG201087-4-R-7--C-23,2021-01-15 00:00:00+00:00,,,,,,,,
Kawanda,SE202101_(243756C1/242854),401K-1-R-4--C-61,401K-1,1,AG201087-4,AG201087-4-R-7--C-23,2021-01-15 00:00:00+00:00,,,,,,,,
Kawanda,SE202101_(243757C1/242999),401K-1-R-1--C-61,401K-1,1,AG201087-4,AG201087-4-R-7--C-22,2021-01-19 00:00:00+00:00,,,,,,,,
Kawanda,SE202101_(243780C2/242999),199K-3-R-1--C-52,199K-3,2,AG201087-4,AG201087-4-R-7--C-22,2021-01-29 00:00:00+00:00,,,,,,,,
Kawanda,SE202101_(243796C1/242999),199K-3-R-3--C-52,199K-3,1,AG201087-4,AG201087-4-R-7--C-22,2021-01-07 00:00:00+00:00,,,,,,,,
Kawanda,SE202101_(243801C2/242999),199K-3-R-2--C-53,199K-3,2,AG201087-4,AG201087-4-R-7--C-22,2021-01-04 00:00:00+00:00,,,,,,,,
Kawanda,SE202101_(243805C1/243057),246K-1-R-8--C-55,246K-1,1,AG201087-4,AG201087-4-R-8--C-24,2021-01-02 00:00:00+00:00,,,,,,,,
Kawanda,SE202101_(243819C2/242999),199K-3-R-1--C-53,199K-3,2,AG201087-4,AG201087-4-R-7--C-22,2021-01-07 00:00:00+00:00,,,,,,,,
Kawanda,SE202101_(243840C1/242999),1411K-1-R-3--C-60,1411K-1,1,AG201087-4,AG201087-4-R-7--C-22,2021-01-25 00:00:00+00:00,,,,,,,,
Kawanda,SE202101_(243851C2/243057),1201K-1-R-3--C-46,1201K-1,2,AG201087-4,AG201087-4-R-8--C-24,2021-01-05 00:00:00+00:00,,,,,,,,
Kawanda,SE202101_(243954C1/244071),Namande-r4-c48,Namande,1,2905,2905-r5-c29,2021-01-07 00:00:00+00:00,,,,,,,,
Kawanda,SE202101_(244039C1/242999),1747K-1-r5-c2,1747K-1,1,AG201087-4,AG201087-4-R-7--C-22,2021-01-14 00:00:00+00:00,,,,,,,,
Kawanda,SE202101_(244044C2/243057),365K-1-r1-c18,365K-1,2,AG201087-4,AG201087-4-R-8--C-24,2021-01-11 00:00:00+00:00,,,,,,,,
Kawanda,SE202101_(244054C1/242999),376K-1-r7-c22,376K-1,1,AG201087-4,AG201087-4-R-7--C-22,2021-01-19 00:00:00+00:00,,,,,,,,
Kawanda,SE202101_(244129C1/244071),Namande-r4-c46,Namande,1,2905,2905-r5-c29,2021-01-26 00:00:00+00:00,,,,,,,,
Kawanda,SE202101_(244152C1/242999),401K-1-r1-c28,401K-1,1,AG201087-4,AG201087-4-R-7--C-22,2021-01-19 00:00:00+00:00,,,,,,,,
Kawanda,SE202101_(244173C2/243057),401K-1-r6-c26,401K-1,2,AG201087-4,AG201087-4-R-8--C-24,2021-01-06 00:00:00+00:00,,,,,,,,
Kawanda,SE202101_(244195C1/242999),376K-1-r6-c23,376K-1,1,AG201087-4,AG201087-4-R-7--C-22,2021-01-27 00:00:00+00:00,,,,,,,,
Kawanda,SE202101_(244224C2/243057),376K-1-r6-c24,376K-1,2,AG201087-4,AG201087-4-R-8--C-24,2021-01-06 00:00:00+00:00,,,,,,,,
Kawanda,SE202101_(244281C1/244071),Enzirabahima-r6-c53,ITC1354-Enzirabahima,1,2905,2905-r5-c29,2021-01-20 00:00:00+00:00,,,,,,,,
Kawanda,SE202101_(244289C1/243057),401K-1-r4-c28,401K-1,1,AG201087-4,AG201087-4-R-8--C-24,2021-01-05 00:00:00+00:00,,,,,,,,
Kawanda,SE202101_(244290C2/242999),1747K-1-r1-c4,1747K-1,2,AG201087-4,AG201087-4-R-7--C-22,2021-01-15 00:00:00+00:00,,,,,,,,
Kawanda,SE202101_(244304C2/242999),222K-1-r3-c9,222K-1,2,AG201087-4,AG201087-4-R-7--C-22,2021-01-14 00:00:00+00:00,,,,,,,,
Kawanda,SE202101_(244355C1/242999),365K-1-r2-c17,365K-1,1,AG201087-4,AG201087-4-R-7--C-22,2021-01-12 00:00:00+00:00,,,,,,,,
Kawanda,SE202101_(244408C1/243057),401K-1-r4-c26,401K-1,1,AG201087-4,AG201087-4-R-8--C-24,2021-01-11 00:00:00+00:00,,,,,,,,
