Crossnumber,Repeat_Pollination_Date,Location
SE202009_(243829C1/242999),2020-09-23,Kawanda
SE202009_(243829C1/242999),2020-09-24,Kawanda
SE202009_(243721C1/242999),2020-09-23,Kawanda
SE202009_(243721C1/242999),2020-09-24,Kawanda
SE202009_(243488C1/242999),2020-09-23,Kawanda
SE202009_(243488C1/242999),2020-09-24,Kawanda
SE202009_(243443C1/242999),2020-09-23,Kawanda
SE202009_(243443C1/242999),2020-09-24,Kawanda
SE202009_(242449C1/242996),2020-09-23,Kawanda
SE202009_(242449C1/242996),2020-09-24,Kawanda
SE202009_(242510C1/242996),2020-09-23,Kawanda
SE202009_(242510C1/242996),2020-09-24,Kawanda
SE202009_(240104C1/242996),2020-09-23,Kawanda
SE202009_(240104C1/242996),2020-09-24,Kawanda
SE202009_(242815C1/242859),2020-09-23,Kawanda
SE202009_(242815C1/242859),2020-09-24,Kawanda
SE202009_(243017C1/243063),2020-09-23,Kawanda
SE202009_(243017C1/243063),2020-09-24,Kawanda
SE202009_(242381C1/242996),2020-09-23,Kawanda
SE202009_(242381C1/242996),2020-09-24,Kawanda
SE202009_(243829C1/242999),2020-09-25,Kawanda
SE202009_(243721C1/242999),2020-09-25,Kawanda
SE202009_(243488C1/242999),2020-09-25,Kawanda
SE202009_(243443C1/242999),2020-09-25,Kawanda
SE202009_(242483C1/242996),2020-09-26,Kawanda
SE202009_(244328C1/242996),2020-09-24,Kawanda
SE202009_(244328C1/242996),2020-09-25,Kawanda
SE202009_(244296C1/242996),2020-09-25,Kawanda
SE202009_(243950C1/242996),2020-09-24,Kawanda
SE202009_(243950C1/242996),2020-09-25,Kawanda
SE202009_(242508C1/242996),2020-09-26,Kawanda
SE202009_(244111C1/242999),2020-09-24,Kawanda
SE202009_(244111C1/242999),2020-09-25,Kawanda
SE202009_(244111C1/242999),2020-09-26,Kawanda
SE202009_(244017C1/242999),2020-09-24,Kawanda
SE202009_(244017C1/242999),2020-09-25,Kawanda
SE202009_(244017C1/242999),2020-09-26,Kawanda
SE202009_(242553C1/243074),2020-09-26,Kawanda
SE202009_(243058C1/242859),2020-09-26,Kawanda
SE202009_(243071C1/242859),2020-09-26,Kawanda
SE202009_(244131C1/242999),2020-09-24,Kawanda
SE202009_(244131C1/242999),2020-09-25,Kawanda
SE202009_(244131C1/242999),2020-09-26,Kawanda
SE202009_(244093C1/242999),2020-09-24,Kawanda
SE202009_(244093C1/242999),2020-09-25,Kawanda
SE202009_(244093C1/242999),2020-09-26,Kawanda
SE202009_(244120C1/242999),2020-09-24,Kawanda
SE202009_(244120C1/242999),2020-09-25,Kawanda
SE202009_(244120C1/242999),2020-09-26,Kawanda
SE202009_(244229C1/242999),2020-09-24,Kawanda
SE202009_(244229C1/242999),2020-09-25,Kawanda
SE202009_(244229C1/242999),2020-09-26,Kawanda
SE202009_(244331C1/242999),2020-09-24,Kawanda
SE202009_(244331C1/242999),2020-09-25,Kawanda
SE202009_(244331C1/242999),2020-09-26,Kawanda
SE202009_(244177C1/242999),2020-09-24,Kawanda
SE202009_(244177C1/242999),2020-09-25,Kawanda
SE202009_(244177C1/242999),2020-09-26,Kawanda
SE202009_(243519C1/242999),2020-09-26,Kawanda
SE202009_(243687C1/242999),2020-09-26,Kawanda
SE202009_(244296C1/242996),2020-09-27,Kawanda
SE202009_(242448C1/242996),2020-09-27,Kawanda
SE202009_(242483C1/242996),2020-09-27,Kawanda
SE202009_(242508C1/242996),2020-09-27,Kawanda
SE202009_(244111C1/242999),2020-09-27,Kawanda
SE202009_(244017C1/242999),2020-09-27,Kawanda
SE202009_(242553C1/243074),2020-09-27,Kawanda
SE202009_(242941C1/242829),2020-09-26,Kawanda
SE202009_(242941C1/242829),2020-09-27,Kawanda
SE202009_(242814C2/242859),2020-09-27,Kawanda
SE202009_(243838C1/242999),2020-09-27,Kawanda
SE202009_(243687C1/242999),2020-09-27,Kawanda
SE202009_(243366C1/243057),2020-09-27,Kawanda
SE202009_(243407C1/243057),2020-09-27,Kawanda
SE202009_(243519C1/242999),2020-09-27,Kawanda
SE202009_(243452C1/243057),2020-09-27,Kawanda
SE202009_(244231C1/242999),2020-09-26,Kawanda
SE202009_(244231C1/242999),2020-09-27,Kawanda
SE202009_(244177C1/242999),2020-09-27,Kawanda
SE202009_(242448C1/242996),2020-09-28,Kawanda
SE202009_(242992C1/243038),2020-09-27,Kawanda
SE202009_(242992C1/243038),2020-09-28,Kawanda
SE202009_(242553C1/243074),2020-09-28,Kawanda
SE202009_(243563C1/242999),2020-09-28,Kawanda
SE202009_(242941C1/242829),2020-09-28,Kawanda
SE202009_(243058C1/242859),2020-09-28,Kawanda
SE202009_(243366C1/243057),2020-09-28,Kawanda
SE202009_(243407C1/243057),2020-09-28,Kawanda
SE202009_(243452C1/243057),2020-09-28,Kawanda
SE202009_(243519C1/242999),2020-09-28,Kawanda
SE202009_(243687C1/242999),2020-09-28,Kawanda
SE202009_(243838C1/242999),2020-09-28,Kawanda
SE202009_(243035C2/242864),2020-09-29,Kawanda
SE202009_(243563C1/242999),2020-09-29,Kawanda
SE202009_(243542C1/242896),2020-09-29,Kawanda
SE202009_(242553C1/243074),2020-09-29,Kawanda
SE202009_(244084C1/242999),2020-09-28,Kawanda
SE202009_(244084C1/242999),2020-09-29,Kawanda
SE202009_(244056C1/242999),2020-09-28,Kawanda
SE202009_(244056C1/242999),2020-09-29,Kawanda
SE202009_(244329C1/242999),2020-09-28,Kawanda
SE202009_(244329C1/242999),2020-09-29,Kawanda
SE202009_(244255C1/242999),2020-09-28,Kawanda
SE202009_(244255C1/242999),2020-09-29,Kawanda
SE202009_(244231C1/242999),2020-09-28,Kawanda
SE202009_(244029C1/242999),2020-09-28,Kawanda
SE202009_(244029C1/242999),2020-09-29,Kawanda
SE202009_(243377C1/242999),2020-09-28,Kawanda
SE202009_(243377C1/242999),2020-09-29,Kawanda
SE202009_(243382C1/242999),2020-09-28,Kawanda
SE202009_(243382C1/242999),2020-09-29,Kawanda
SE202009_(243563C1/242999),2020-09-30,Kawanda
SE202009_(243542C1/242896),2020-09-30,Kawanda
SE202009_(243035C2/242864),2020-09-30,Kawanda
SE202009_(243377C1/242999),2020-09-30,Kawanda
SE202009_(243382C1/242999),2020-09-30,Kawanda
SE202009_(240128C1/242855),2020-09-30,Kawanda
SE202009_(242333C1/242961),2020-10-01,Kawanda
SE202009_(244049C1/242855),2020-10-01,Kawanda
SE202009_(242376C1/242855),2020-09-30,Kawanda
SE202009_(243035C2/242864),2020-10-01,Kawanda
SE202009_(243563C1/242999),2020-10-01,Kawanda
SE202009_(243542C1/242896),2020-10-01,Kawanda
SE202009_(242863C1/242841),2020-10-01,Kawanda
SE202010_(240257C1/242855),2020-10-02,Kawanda
SE202009_(240128C1/242855),2020-10-01,Kawanda
SE202009_(242376C1/242855),2020-10-01,Kawanda
SE202009_(243563C1/242999),2020-10-02,Kawanda
SE202010_(243427C1/242896),2020-10-02,Kawanda
SE202009_(242962C1/242841),2020-10-01,Kawanda
SE202009_(242863C1/242841),2020-10-02,Kawanda
SE202009_(242962C1/242841),2020-10-02,Kawanda
SE202010_(243062C1/242864),2020-10-02,Kawanda
SE202010_(242899C1/242864),2020-10-02,Kawanda
SE202010_(242895C1/242864),2020-10-02,Kawanda
SE202010_(244379C1/242999),2020-10-02,Kawanda
SE202009_(243377C1/242999),2020-10-02,Kawanda
SE202009_(243382C1/242999),2020-10-02,Kawanda
SE202010_(243389C1/242999),2020-10-02,Kawanda
SE202010_(243404C1/242999),2020-10-02,Kawanda
SE202010_(242895C1/242864),2020-10-03,Kawanda
SE202010_(242899C1/242864),2020-10-03,Kawanda
SE202010_(240257C1/242855),2020-10-03,Kawanda
SE202010_(243427C1/242896),2020-10-03,Kawanda
SE202009_(243563C1/242999),2020-10-03,Kawanda
SE202010_(244379C1/242999),2020-10-03,Kawanda
SE202010_(243389C1/242999),2020-10-03,Kawanda
SE202010_(243404C1/242999),2020-10-03,Kawanda
SE202009_(243563C1/242999),2020-10-04,Kawanda
SE202010_(243427C1/242896),2020-10-04,Kawanda
SE202010_(242363C1/242996),2020-10-03,Kawanda
SE202010_(242363C1/242996),2020-10-04,Kawanda
SE202010_(242328C1/242850),2020-10-05,Kawanda
SE202010_(242392C1/242850),2020-10-05,Kawanda
SE202010_(244044C1/242999),2020-10-05,Kawanda
SE202010_(243636C1/242999),2020-10-05,Kawanda
SE202010_(243772C1/242999),2020-10-05,Kawanda
SE202010_(243365C1/243057),2020-10-05,Kawanda
SE202010_(242328C1/242850),2020-10-06,Kawanda
SE202010_(242392C1/242850),2020-10-06,Kawanda
SE202010_(242428C1/242996),2020-10-06,Kawanda
SE202010_(244337C1/244322),2020-10-06,Kawanda
SE202010_(243513C1/242896),2020-10-06,Kawanda
SE202010_(243636C1/242999),2020-10-06,Kawanda
SE202010_(243772C1/242999),2020-10-06,Kawanda
SE202010_(243365C1/243057),2020-10-06,Kawanda
SE202010_(243630C1/243057),2020-10-06,Kawanda
SE202010_(243965C1/242999),2020-10-06,Kawanda
SE202010_(244324C1/242999),2020-10-06,Kawanda
SE202010_(244044C1/242999),2020-10-06,Kawanda
SE202010_(242392C1/242850),2020-10-07,Kawanda
SE202010_(242328C1/242850),2020-10-07,Kawanda
SE202010_(243622C1/242999),2020-10-07,Kawanda
SE202010_(243513C1/242896),2020-10-07,Kawanda
SE202010_(244004C2/242996),2020-09-24,Kawanda
SE202010_(243636C1/242999),2020-10-07,Kawanda
SE202010_(243630C1/243057),2020-10-07,Kawanda
SE202010_(243365C1/243057),2020-10-07,Kawanda
SE202010_(244324C1/242999),2020-10-07,Kawanda
SE202010_(243965C1/242999),2020-10-07,Kawanda
SE202010_(244044C1/242999),2020-10-07,Kawanda
SE202010_(242445C1/243074),2020-10-07,Kawanda
SE202010_(244004C2/242996),2020-09-25,Kawanda
SE202010_(243513C1/242896),2020-10-08,Kawanda
SE202010_(243622C1/242999),2020-10-08,Kawanda
SE202010_(243588C1/242999),2020-10-08,Kawanda
SE202010_(243437C1/242999),2020-10-08,Kawanda
SE202010_(243630C1/243057),2020-10-08,Kawanda
SE202010_(243365C1/243057),2020-10-08,Kawanda
SE202010_(243965C1/242999),2020-10-08,Kawanda
SE202010_(244324C1/242999),2020-10-08,Kawanda
SE202010_(244141C1/242999),2020-10-08,Kawanda
SE202010_(244191C1/242999),2020-10-08,Kawanda
SE202010_(242445C1/243074),2020-10-08,Kawanda
SE202010_(243622C1/242999),2020-10-09,Kawanda
SE202010_(244004C2/242996),2020-09-26,Kawanda
SE202010_(244141C1/242999),2020-10-09,Kawanda
SE202010_(244191C1/242999),2020-10-09,Kawanda
SE202010_(243965C1/242999),2020-10-09,Kawanda
SE202010_(244324C1/242999),2020-10-09,Kawanda
SE202010_(243365C1/243057),2020-10-09,Kawanda
SE202010_(243630C1/243057),2020-10-09,Kawanda
SE202010_(243437C1/242999),2020-10-09,Kawanda
SE202010_(243588C1/242999),2020-10-09,Kawanda
SE202010_(242396C1/243074),2020-10-10,Kawanda
SE202010_(242325C1/242996),2020-10-10,Kawanda
SE202010_(242412C1/242996),2020-10-10,Kawanda
SE202010_(244191C1/242999),2020-10-10,Kawanda
SE202010_(244141C1/242999),2020-10-10,Kawanda
SE202010_(243965C1/242999),2020-10-10,Kawanda
SE202010_(244324C1/242999),2020-10-10,Kawanda
SE202010_(243588C1/242999),2020-10-10,Kawanda
SE202010_(243498C1/242999),2020-10-10,Kawanda
SE202010_(243437C1/242999),2020-10-10,Kawanda
SE202010_(243766C1/242999),2020-10-10,Kawanda
SE202010_(243630C1/243057),2020-10-10,Kawanda
SE202010_(243365C1/243057),2020-10-10,Kawanda
SE202010_(243622C1/242999),2020-10-10,Kawanda
SE202010_(242842C1/243051),2020-10-10,Kawanda
SE202010_(242960C1/243051),2020-10-10,Kawanda
SE202010_(243022C1/242864),2020-10-10,Kawanda
SE202010_(242396C1/243074),2020-10-11,Kawanda
SE202010_(242325C1/242996),2020-10-11,Kawanda
SE202010_(242412C1/242996),2020-10-11,Kawanda
SE202010_(244254C1/244322),2020-10-11,Kawanda
SE202010_(240184C1/242855),2020-10-11,Kawanda
SE202010_(242842C1/243051),2020-10-11,Kawanda
SE202010_(242960C1/243051),2020-10-11,Kawanda
SE202010_(243022C1/242864),2020-10-11,Kawanda
SE202010_(243588C1/242999),2020-10-11,Kawanda
SE202010_(243498C1/242999),2020-10-11,Kawanda
SE202010_(243437C1/242999),2020-10-11,Kawanda
SE202010_(243766C1/242999),2020-10-11,Kawanda
SE202010_(244141C1/242999),2020-10-11,Kawanda
SE202010_(244191C1/242999),2020-10-11,Kawanda
SE202010_(242325C1/242996),2020-10-12,Kawanda
SE202010_(242396C1/243074),2020-10-12,Kawanda
SE202010_(244254C1/244322),2020-10-12,Kawanda
SE202010_(240184C1/242855),2020-10-12,Kawanda
SE202010_(242436C1/243074),2020-10-11,Kawanda
SE202010_(242436C1/243074),2020-10-12,Kawanda
SE202010_(243498C1/242999),2020-10-12,Kawanda
SE202010_(244191C1/242999),2020-10-12,Kawanda
SE202010_(244141C1/242999),2020-10-12,Kawanda
SE202010_(243766C1/242999),2020-10-12,Kawanda
SE202010_(243437C1/242999),2020-10-12,Kawanda
SE202010_(243588C1/242999),2020-10-12,Kawanda
SE202010_(242842C1/243051),2020-10-12,Kawanda
SE202010_(242960C1/243051),2020-10-12,Kawanda
SE202010_(243022C1/242864),2020-10-12,Kawanda
SE202010_(243022C1/242864),2020-10-13,Kawanda
SE202010_(240184C1/242855),2020-10-13,Kawanda
SE202010_(244254C1/244322),2020-10-13,Kawanda
SE202010_(242388C1/242996),2020-10-13,Kawanda
SE202010_(243498C1/242999),2020-10-13,Kawanda
SE202010_(243464C1/242999),2020-10-13,Kawanda
SE202010_(243766C1/242999),2020-10-13,Kawanda
SE202010_(243357C1/243057),2020-10-13,Kawanda
SE202010_(243822C1/243057),2020-10-13,Kawanda
SE202010_(242960C1/243051),2020-10-13,Kawanda
SE202010_(242842C1/243051),2020-10-13,Kawanda
SE202010_(243674C2/242896),2020-10-13,Kawanda
SE202010_(244254C1/244322),2020-10-14,Kawanda
SE202010_(243377C2/243057),2020-10-14,Kawanda
SE202010_(243464C1/242999),2020-10-14,Kawanda
SE202010_(243498C1/242999),2020-10-14,Kawanda
SE202010_(243587C1/243057),2020-10-14,Kawanda
SE202010_(243766C1/242999),2020-10-14,Kawanda
SE202010_(243357C1/243057),2020-10-14,Kawanda
SE202010_(243822C1/243057),2020-10-14,Kawanda
SE202010_(242340C1/242996),2020-10-14,Kawanda
SE202010_(242436C2/243074),2020-10-14,Kawanda
SE202010_(243674C2/242896),2020-10-14,Kawanda
SE202010_(242842C1/243051),2020-10-14,Kawanda
SE202010_(242835C1/243059),2020-10-14,Kawanda
SE202010_(242960C1/243051),2020-10-14,Kawanda
SE202010_(243918C1/242996),2020-10-15,Kawanda
SE202010_(242340C1/242996),2020-10-15,Kawanda
SE202010_(242555C1/242996),2020-10-15,Kawanda
SE202010_(242436C2/243074),2020-10-15,Kawanda
SE202010_(242835C1/243059),2020-10-15,Kawanda
SE202010_(243464C1/242999),2020-10-15,Kawanda
SE202010_(243377C2/243057),2020-10-15,Kawanda
SE202010_(243587C1/243057),2020-10-15,Kawanda
SE202010_(243357C1/243057),2020-10-15,Kawanda
SE202010_(243822C1/243057),2020-10-15,Kawanda
SE202010_(243918C1/242996),2020-10-16,Kawanda
SE202010_(242835C1/243059),2020-10-16,Kawanda
SE202010_(242555C1/242996),2020-10-16,Kawanda
SE202010_(242436C2/243074),2020-10-16,Kawanda
SE202010_(243377C2/243057),2020-10-16,Kawanda
SE202010_(243464C1/242999),2020-10-16,Kawanda
SE202010_(243587C1/243057),2020-10-16,Kawanda
SE202010_(243357C1/243057),2020-10-16,Kawanda
SE202010_(243822C1/243057),2020-10-16,Kawanda
SE202010_(242835C1/243059),2020-10-17,Kawanda
SE202010_(243918C1/242996),2020-10-17,Kawanda
SE202010_(240064C1/242855),2020-10-17,Kawanda
SE202010_(242365C1/242850),2020-10-17,Kawanda
SE202010_(242555C1/242996),2020-10-17,Kawanda
SE202010_(242436C2/243074),2020-10-17,Kawanda
SE202010_(243377C2/243057),2020-10-17,Kawanda
SE202010_(243790C1/243057),2020-10-17,Kawanda
SE202010_(243587C1/243057),2020-10-17,Kawanda
SE202010_(244384C1/242999),2020-10-17,Kawanda
SE202010_(244231C2/242999),2020-10-17,Kawanda
SE202010_(242835C1/243059),2020-10-18,Kawanda
SE202010_(243790C1/243057),2020-10-18,Kawanda
SE202010_(243587C1/243057),2020-10-18,Kawanda
SE202010_(244384C1/242999),2020-10-18,Kawanda
SE202010_(244231C2/242999),2020-10-18,Kawanda
SE202010_(243918C1/242996),2020-10-18,Kawanda
SE202010_(240064C1/242855),2020-10-18,Kawanda
SE202010_(240064C1/242855),2020-10-19,Kawanda
SE202010_(243790C1/243057),2020-10-19,Kawanda
SE202010_(244231C2/242999),2020-10-19,Kawanda
SE202010_(244384C1/242999),2020-10-19,Kawanda
SE202010_(244002C1/244010),2020-10-18,Kawanda
SE202010_(244314C1/242996),2020-10-20,Kawanda
SE202010_(242423C1/243074),2020-10-20,Kawanda
SE202010_(242416C1/242850),2020-10-20,Kawanda
SE202010_(243801C2/242896),2020-10-19,Kawanda
SE202010_(243801C2/242896),2020-10-20,Kawanda
SE202010_(243790C1/243057),2020-10-20,Kawanda
SE202010_(244231C2/242999),2020-10-20,Kawanda
SE202010_(244384C1/242999),2020-10-20,Kawanda
SE202010_(242416C1/242850),2020-10-21,Kawanda
SE202010_(242423C1/243074),2020-10-21,Kawanda
SE202010_(244002C1/244010),2020-10-19,Kawanda
SE202010_(244314C1/242996),2020-10-21,Kawanda
SE202010_(243801C2/242896),2020-10-21,Kawanda
SE202010_(243790C1/243057),2020-10-21,Kawanda
SE202010_(244231C2/242999),2020-10-21,Kawanda
SE202010_(244384C1/242999),2020-10-21,Kawanda
SE202010_(242361C1/243074),2020-10-22,Kawanda
SE202010_(242502C1/243074),2020-10-22,Kawanda
SE202010_(242307C1/242996),2020-10-22,Kawanda
SE202010_(243801C2/242896),2020-10-22,Kawanda
SE202010_(243513C2/242896),2020-10-21,Kawanda
SE202010_(243513C2/242896),2020-10-22,Kawanda
SE202010_(243457C1/242999),2020-10-22,Kawanda
SE202010_(243501C1/243057),2020-10-22,Kawanda
SE202010_(243563C2/242866),2020-10-23,Kawanda
SE202010_(240071C1/242855),2020-10-23,Kawanda
SE202010_(242953C1/242990),2020-10-23,Kawanda
SE202010_(242404C1/243074),2020-10-23,Kawanda
SE202010_(242361C1/243074),2020-10-21,Kawanda
SE202010_(242389C1/242996),2020-10-23,Kawanda
SE202010_(242307C1/242996),2020-10-23,Kawanda
SE202010_(243513C2/242896),2020-10-23,Kawanda
SE202010_(243501C1/243057),2020-10-23,Kawanda
SE202010_(243457C1/242999),2020-10-23,Kawanda
SE202010_(240071C1/242855),2020-10-24,Kawanda
SE202010_(242389C1/242996),2020-10-24,Kawanda
SE202010_(242404C1/243074),2020-10-24,Kawanda
SE202010_(244304C1/242999),2020-10-24,Kawanda
SE202010_(244170C1/242999),2020-10-24,Kawanda
SE202010_(243457C1/242999),2020-10-24,Kawanda
SE202010_(243501C1/243057),2020-10-24,Kawanda
SE202010_(243441C1/242999),2020-10-24,Kawanda
SE202010_(243513C2/242896),2020-10-24,Kawanda
SE202010_(244290C1/242999),2020-10-24,Kawanda
SE202010_(243563C2/242866),2020-10-24,Kawanda
SE202010_(242828C1/242990),2020-10-24,Kawanda
SE202010_(242953C1/242990),2020-10-24,Kawanda
SE202010_(240071C1/242855),2020-10-25,Kawanda
SE202010_(242828C1/242990),2020-10-25,Kawanda
SE202010_(242953C1/242990),2020-10-25,Kawanda
SE202010_(242418C1/242996),2020-10-23,Kawanda
SE202010_(242503C1/243074),2020-10-25,Kawanda
SE202010_(242404C1/243074),2020-10-25,Kawanda
SE202010_(243457C1/242999),2020-10-25,Kawanda
SE202010_(243501C1/243057),2020-10-25,Kawanda
SE202010_(243441C1/242999),2020-10-25,Kawanda
SE202010_(244170C1/242999),2020-10-25,Kawanda
SE202010_(244304C1/242999),2020-10-25,Kawanda
SE202010_(244290C1/242999),2020-10-25,Kawanda
SE202010_(243563C2/242866),2020-10-25,Kawanda
SE202010_(242503C1/243074),2020-10-26,Kawanda
SE202010_(242828C1/242990),2020-10-26,Kawanda
SE202010_(242953C1/242990),2020-10-26,Kawanda
SE202010_(242404C1/243074),2020-10-26,Kawanda
SE202010_(243563C2/242866),2020-10-26,Kawanda
SE202010_(244290C1/242999),2020-10-26,Kawanda
SE202010_(244304C1/242999),2020-10-26,Kawanda
SE202010_(244170C1/242999),2020-10-26,Kawanda
SE202010_(243501C1/243057),2020-10-26,Kawanda
SE202010_(243441C1/242999),2020-10-26,Kawanda
SE202010_(242828C1/242990),2020-10-27,Kawanda
SE202010_(242953C1/242990),2020-10-27,Kawanda
SE202010_(243613C1/243057),2020-10-27,Kawanda
SE202010_(244290C1/242999),2020-10-27,Kawanda
SE202010_(244173C1/242999),2020-10-27,Kawanda
SE202010_(242513C1/242850),2020-10-28,Kawanda
SE202010_(240112C1/242855),2020-10-28,Kawanda
SE202010_(243628C1/242896),2020-10-25,Kawanda
SE202010_(243628C1/242896),2020-10-26,Kawanda
SE202010_(243628C1/242896),2020-10-27,Kawanda
SE202010_(243589C1/242896),2020-10-28,Kawanda
SE202010_(242987C1/242859),2020-10-28,Kawanda
SE202010_(242968C1/242859),2020-10-28,Kawanda
SE202010_(243613C1/243057),2020-10-28,Kawanda
SE202010_(244173C1/242999),2020-10-28,Kawanda
SE202010_(244290C1/242999),2020-10-28,Kawanda
SE202010_(240112C1/242855),2020-10-29,Kawanda
SE202010_(243589C1/242896),2020-10-29,Kawanda
SE202010_(243613C1/243057),2020-10-29,Kawanda
SE202010_(244173C1/242999),2020-10-29,Kawanda
SE202010_(242987C1/242859),2020-10-29,Kawanda
SE202010_(242968C1/242859),2020-10-29,Kawanda
SE202010_(240112C1/242855),2020-10-30,Kawanda
SE202010_(243589C1/242896),2020-10-30,Kawanda
SE202010_(242968C1/242859),2020-10-30,Kawanda
SE202010_(242987C1/242859),2020-10-30,Kawanda
SE202010_(243613C1/243057),2020-10-30,Kawanda
SE202010_(243422C1/242999),2020-10-30,Kawanda
SE202010_(244173C1/242999),2020-10-30,Kawanda
SE202010_(243613C1/243057),2020-10-31,Kawanda
SE202010_(243422C1/242999),2020-10-31,Kawanda
SE202010_(244173C1/242999),2020-10-31,Kawanda
SE202010_(243589C1/242896),2020-10-31,Kawanda
SE202010_(243422C1/242999),2020-11-01,Kawanda
SE202010_(244173C1/242999),2020-11-01,Kawanda
SE202010_(242987C1/242859),2020-10-31,Kawanda
SE202010_(242968C1/242859),2020-10-31,Kawanda
SE202010_(244173C1/242999),2020-11-02,Kawanda
SE202010_(243422C1/242999),2020-11-02,Kawanda
SE202011_(242905C1/242977),2020-11-03,Kawanda
SE202011_(242458C1/242850),2020-11-03,Kawanda
SE202011_(240009C1/242855),2020-11-03,Kawanda
SE202011_(242933C1/242845),2020-11-03,Kawanda
SE202011_(244406C1/244242),2020-11-03,Kawanda
SE202011_(244406C1/244242),2020-11-04,Kawanda
SE202011_(240009C1/242855),2020-11-04,Kawanda
SE202011_(242916C1/243074),2020-11-04,Kawanda
SE202011_(242933C1/242845),2020-11-04,Kawanda
SE202011_(244101C1/242999),2020-11-04,Kawanda
SE202011_(243921C1/242999),2020-11-04,Kawanda
SE202011_(243423C1/242896),2020-11-04,Kawanda
SE202011_(243611C1/242896),2020-11-03,Kawanda
SE202011_(243611C1/242896),2020-11-04,Kawanda
SE202011_(242905C1/242977),2020-11-04,Kawanda
SE202011_(244406C1/244242),2020-11-05,Kawanda
SE202011_(240179C1/242875),2020-11-05,Kawanda
SE202011_(240013C1/242875),2020-11-05,Kawanda
SE202011_(242933C1/242845),2020-11-05,Kawanda
SE202011_(242916C1/243074),2020-11-05,Kawanda
SE202011_(243386C1/242999),2020-11-05,Kawanda
SE202011_(244193C1/242999),2020-11-05,Kawanda
SE202011_(244101C1/242999),2020-11-05,Kawanda
SE202011_(243921C1/242999),2020-11-05,Kawanda
SE202011_(243423C1/242896),2020-11-05,Kawanda
SE202011_(242905C1/242977),2020-11-05,Kawanda
SE202011_(243611C1/242896),2020-11-05,Kawanda
SE202011_(243423C1/242896),2020-11-06,Kawanda
SE202011_(244193C1/242999),2020-11-06,Kawanda
SE202011_(244091C1/242999),2020-11-06,Kawanda
SE202011_(244101C1/242999),2020-11-06,Kawanda
SE202011_(243921C1/242999),2020-11-06,Kawanda
SE202011_(243924C1/242999),2020-11-06,Kawanda
SE202011_(243386C1/242999),2020-11-06,Kawanda
SE202011_(242905C1/242977),2020-11-06,Kawanda
SE202011_(240013C1/242875),2020-11-06,Kawanda
SE202011_(240179C1/242875),2020-11-06,Kawanda
SE202011_(242916C1/243074),2020-11-06,Kawanda
SE202011_(242933C1/242845),2020-11-06,Kawanda
SE202011_(240179C1/242875),2020-11-07,Kawanda
SE202011_(243386C1/242999),2020-11-07,Kawanda
SE202011_(243423C1/242896),2020-11-07,Kawanda
SE202011_(244193C1/242999),2020-11-07,Kawanda
SE202011_(244038C1/242999),2020-11-07,Kawanda
SE202011_(243921C1/242999),2020-11-07,Kawanda
SE202011_(243985C1/242999),2020-11-07,Kawanda
SE202011_(243924C1/242999),2020-11-07,Kawanda
SE202011_(244091C1/242999),2020-11-07,Kawanda
SE202011_(240179C1/242875),2020-11-08,Kawanda
SE202011_(240130C1/242875),2020-11-08,Kawanda
SE202011_(243025C2/243074),2020-11-08,Kawanda
SE202011_(243903C1/244010),2020-11-08,Kawanda
SE202011_(243921C1/242999),2020-11-08,Kawanda
SE202011_(243985C1/242999),2020-11-08,Kawanda
SE202011_(243979C1/242999),2020-11-08,Kawanda
SE202011_(244091C1/242999),2020-11-08,Kawanda
SE202011_(244038C1/242999),2020-11-08,Kawanda
SE202011_(244193C1/242999),2020-11-08,Kawanda
SE202011_(243423C1/242896),2020-11-08,Kawanda
SE202011_(243924C1/242999),2020-11-08,Kawanda
SE202011_(242458C1/242850),2020-11-04,Kawanda
SE202011_(243922C1/244357),2020-11-09,Kawanda
SE202011_(244064C1/242996),2020-11-09,Kawanda
SE202011_(240139C1/242875),2020-11-09,Kawanda
SE202011_(240130C1/242875),2020-11-09,Kawanda
SE202011_(243765C1/242896),2020-11-09,Kawanda
SE202011_(243690C1/242999),2020-11-09,Kawanda
SE202011_(243386C1/242999),2020-11-09,Kawanda
SE202011_(244038C1/242999),2020-11-09,Kawanda
SE202011_(244193C1/242999),2020-11-09,Kawanda
SE202011_(244091C1/242999),2020-11-09,Kawanda
SE202011_(243921C1/242999),2020-11-09,Kawanda
SE202011_(243985C1/242999),2020-11-09,Kawanda
SE202011_(243924C1/242999),2020-11-09,Kawanda
SE202011_(243979C1/242999),2020-11-09,Kawanda
SE202011_(243690C1/242999),2020-11-10,Kawanda
SE202011_(244038C1/242999),2020-11-10,Kawanda
SE202011_(243924C1/242999),2020-11-10,Kawanda
SE202011_(243979C1/242999),2020-11-10,Kawanda
SE202011_(243985C1/242999),2020-11-10,Kawanda
SE202011_(240130C1/242875),2020-11-10,Kawanda
SE202011_(240139C1/242875),2020-11-10,Kawanda
SE202011_(244064C1/242996),2020-11-10,Kawanda
SE202011_(243922C1/244357),2020-11-10,Kawanda
SE202011_(243765C1/242896),2020-11-10,Kawanda
SE202011_(243922C1/244357),2020-11-11,Kawanda
SE202011_(244064C1/242996),2020-11-11,Kawanda
SE202011_(240139C1/242875),2020-11-11,Kawanda
SE202011_(243765C1/242896),2020-11-11,Kawanda
SE202011_(243979C1/242999),2020-11-11,Kawanda
SE202011_(243985C1/242999),2020-11-11,Kawanda
SE202011_(244038C1/242999),2020-11-11,Kawanda
SE202011_(243893C1/242999),2020-11-11,Kawanda
SE202011_(243754C1/242999),2020-11-11,Kawanda
SE202011_(243395C1/242896),2020-11-11,Kawanda
SE202011_(243690C1/242999),2020-11-11,Kawanda
SE202011_(242811C1/242977),2020-11-12,Kawanda
SE202011_(243765C1/242896),2020-11-12,Kawanda
SE202011_(243922C1/244357),2020-11-12,Kawanda
SE202011_(240139C1/242875),2020-11-12,Kawanda
SE202011_(243979C1/242999),2020-11-12,Kawanda
SE202011_(243985C1/242999),2020-11-12,Kawanda
SE202011_(244038C1/242999),2020-11-12,Kawanda
SE202011_(243893C1/242999),2020-11-12,Kawanda
SE202011_(243395C1/242896),2020-11-12,Kawanda
SE202011_(243690C1/242999),2020-11-12,Kawanda
SE202011_(243754C1/242999),2020-11-12,Kawanda
SE202011_(243466C1/242999),2020-11-12,Kawanda
SE202011_(244378C1/243938),2020-11-13,Kawanda
SE202011_(243922C1/244357),2020-11-13,Kawanda
SE202011_(240103C1/242875),2020-11-13,Kawanda
SE202011_(240148C1/242875),2020-11-13,Kawanda
SE202011_(240132C1/242875),2020-11-13,Kawanda
SE202011_(242547C2/242850),2020-11-13,Kawanda
SE202011_(242392C2/242850),2020-11-13,Kawanda
SE202011_(243466C1/242999),2020-11-13,Kawanda
SE202011_(243649C1/243057),2020-11-13,Kawanda
SE202011_(243754C1/242999),2020-11-13,Kawanda
SE202011_(243395C1/242896),2020-11-13,Kawanda
SE202011_(243979C1/242999),2020-11-13,Kawanda
SE202011_(243893C1/242999),2020-11-13,Kawanda
SE202011_(243690C1/242999),2020-11-13,Kawanda
SE202011_(242811C1/242977),2020-11-13,Kawanda
SE202011_(242834C1/242977),2020-11-13,Kawanda
SE202011_(243502C1/242946),2020-11-14,Kawanda
SE202011_(242547C2/242850),2020-11-14,Kawanda
SE202011_(242392C2/242850),2020-11-14,Kawanda
SE202011_(244378C1/243938),2020-11-14,Kawanda
SE202011_(240103C1/242875),2020-11-14,Kawanda
SE202011_(240148C1/242875),2020-11-14,Kawanda
SE202011_(240132C1/242875),2020-11-14,Kawanda
SE202011_(243466C1/242999),2020-11-14,Kawanda
SE202011_(243395C1/242896),2020-11-14,Kawanda
SE202011_(243649C1/243057),2020-11-14,Kawanda
SE202011_(243754C1/242999),2020-11-14,Kawanda
SE202011_(243893C1/242999),2020-11-14,Kawanda
SE202011_(242834C1/242977),2020-11-14,Kawanda
SE202011_(240132C1/242875),2020-11-15,Kawanda
SE202011_(240148C1/242875),2020-11-15,Kawanda
SE202011_(244378C1/243938),2020-11-15,Kawanda
SE202011_(243715C1/242896),2020-11-15,Kawanda
SE202011_(243395C1/242896),2020-11-15,Kawanda
SE202011_(243466C1/242999),2020-11-15,Kawanda
SE202011_(243649C1/243057),2020-11-15,Kawanda
SE202011_(243754C1/242999),2020-11-15,Kawanda
SE202011_(243893C1/242999),2020-11-15,Kawanda
SE202011_(244199C1/243057),2020-11-15,Kawanda
SE202011_(243502C1/242946),2020-11-15,Kawanda
SE202011_(242536C1/242850),2020-11-16,Kawanda
SE202011_(242500C1/242850),2020-11-16,Kawanda
SE202011_(243970C1/244322),2020-11-16,Kawanda
SE202011_(243502C1/242946),2020-11-16,Kawanda
SE202011_(240103C1/242875),2020-11-16,Kawanda
SE202011_(240132C1/242875),2020-11-16,Kawanda
SE202011_(240148C1/242875),2020-11-16,Kawanda
SE202011_(243715C1/242896),2020-11-16,Kawanda
SE202011_(243395C1/242896),2020-11-16,Kawanda
SE202011_(243466C1/242999),2020-11-16,Kawanda
SE202011_(243754C1/242999),2020-11-16,Kawanda
SE202011_(243649C1/243057),2020-11-16,Kawanda
SE202011_(243673C1/242999),2020-11-16,Kawanda
SE202011_(244199C1/243057),2020-11-16,Kawanda
SE202011_(243893C1/242999),2020-11-16,Kawanda
SE202011_(243006C1/242839),2020-11-17,Kawanda
SE202011_(242928C1/242839),2020-11-17,Kawanda
SE202011_(242902C1/242839),2020-11-17,Kawanda
SE202011_(242955C1/242839),2020-11-17,Kawanda
SE202011_(242986C1/242839),2020-11-17,Kawanda
SE202011_(242500C1/242850),2020-11-17,Kawanda
SE202011_(243502C1/242946),2020-11-17,Kawanda
SE202011_(243466C1/242999),2020-11-17,Kawanda
SE202011_(243673C1/242999),2020-11-17,Kawanda
SE202011_(243754C1/242999),2020-11-17,Kawanda
SE202011_(244199C1/243057),2020-11-17,Kawanda
SE202011_(243715C1/242896),2020-11-17,Kawanda
SE202011_(243970C1/244322),2020-11-17,Kawanda
SE202011_(243006C1/242839),2020-11-18,Kawanda
SE202011_(242928C1/242839),2020-11-18,Kawanda
SE202011_(242902C1/242839),2020-11-18,Kawanda
SE202011_(242955C1/242839),2020-11-18,Kawanda
SE202011_(242986C1/242839),2020-11-18,Kawanda
SE202011_(244199C1/243057),2020-11-18,Kawanda
SE202011_(243715C1/242896),2020-11-18,Kawanda
SE202011_(243673C1/242999),2020-11-18,Kawanda
SE202011_(244256C1/244357),2020-11-19,Kawanda
SE202011_(244387C1/242996),2020-11-19,Kawanda
SE202011_(240107C1/242875),2020-11-19,Kawanda
SE202011_(240268C1/242875),2020-11-19,Kawanda
SE202011_(240038C1/242875),2020-11-19,Kawanda
SE202011_(243006C1/242839),2020-11-19,Kawanda
SE202011_(242928C1/242839),2020-11-19,Kawanda
SE202011_(242902C1/242839),2020-11-19,Kawanda
SE202011_(242955C1/242839),2020-11-19,Kawanda
SE202011_(242986C1/242839),2020-11-19,Kawanda
SE202011_(242486C1/243074),2020-11-19,Kawanda
SE202011_(242310C1/243074),2020-11-19,Kawanda
SE202011_(242465C1/242850),2020-11-19,Kawanda
SE202011_(243006C1/242839),2020-11-20,Kawanda
SE202011_(242928C1/242839),2020-11-20,Kawanda
SE202011_(242902C1/242839),2020-11-20,Kawanda
SE202011_(242955C1/242839),2020-11-20,Kawanda
SE202011_(242986C1/242839),2020-11-20,Kawanda
SE202011_(242465C1/242850),2020-11-20,Kawanda
SE202011_(242310C1/243074),2020-11-20,Kawanda
SE202011_(242486C1/243074),2020-11-20,Kawanda
SE202011_(240107C1/242875),2020-11-20,Kawanda
SE202011_(240038C1/242875),2020-11-20,Kawanda
SE202011_(240268C1/242875),2020-11-20,Kawanda
SE202011_(244387C1/242996),2020-11-20,Kawanda
SE202011_(244256C1/244357),2020-11-20,Kawanda
SE202011_(243715C1/242896),2020-11-19,Kawanda
SE202011_(243673C1/242999),2020-11-19,Kawanda
SE202011_(243853C1/242999),2020-11-19,Kawanda
SE202011_(243668C1/242999),2020-11-19,Kawanda
SE202011_(243691C1/242999),2020-11-19,Kawanda
SE202011_(244199C1/243057),2020-11-19,Kawanda
SE202011_(244283C1/243057),2020-11-19,Kawanda
SE202011_(244283C1/243057),2020-11-20,Kawanda
SE202011_(244156C1/242999),2020-11-20,Kawanda
SE202011_(243715C1/242896),2020-11-20,Kawanda
SE202011_(243673C1/242999),2020-11-20,Kawanda
SE202011_(243853C1/242999),2020-11-20,Kawanda
SE202011_(243668C1/242999),2020-11-20,Kawanda
SE202011_(243691C1/242999),2020-11-20,Kawanda
SE202011_(244387C1/242996),2020-11-21,Kawanda
SE202011_(240107C1/242875),2020-11-21,Kawanda
SE202011_(240268C1/242875),2020-11-21,Kawanda
SE202011_(240038C1/242875),2020-11-21,Kawanda
SE202011_(243006C1/242839),2020-11-21,Kawanda
SE202011_(242928C1/242839),2020-11-21,Kawanda
SE202011_(242902C1/242839),2020-11-21,Kawanda
SE202011_(242955C1/242839),2020-11-21,Kawanda
SE202011_(242986C1/242839),2020-11-21,Kawanda
SE202011_(243691C1/242999),2020-11-21,Kawanda
SE202011_(243668C1/242999),2020-11-21,Kawanda
SE202011_(243853C1/242999),2020-11-21,Kawanda
SE202011_(244283C1/243057),2020-11-21,Kawanda
SE202011_(244156C1/242999),2020-11-21,Kawanda
SE202011_(243472C1/242946),2020-11-22,Kawanda
SE202011_(242386C1/242829),2020-11-21,Kawanda
SE202011_(242524C1/242829),2020-11-21,Kawanda
SE202011_(242524C1/242829),2020-11-22,Kawanda
SE202011_(242386C1/242829),2020-11-22,Kawanda
SE202011_(243472C1/242946),2020-11-23,Kawanda
SE202011_(243691C1/242999),2020-11-22,Kawanda
SE202011_(243668C1/242999),2020-11-22,Kawanda
SE202011_(243853C1/242999),2020-11-22,Kawanda
SE202011_(244156C1/242999),2020-11-22,Kawanda
SE202011_(243968C1/242999),2020-11-21,Kawanda
SE202011_(243968C1/242999),2020-11-22,Kawanda
SE202011_(244273C1/242999),2020-11-23,Kawanda
SE202011_(243968C1/242999),2020-11-23,Kawanda
SE202011_(243386C2/242999),2020-11-23,Kawanda
SE202011_(243691C1/242999),2020-11-23,Kawanda
SE202011_(243668C1/242999),2020-11-23,Kawanda
SE202011_(243853C1/242999),2020-11-23,Kawanda
SE202011_(243386C2/242999),2020-11-22,Kawanda
SE202011_(244273C1/242999),2020-11-22,Kawanda
SE202011_(244273C1/242999),2020-11-24,Kawanda
SE202011_(243386C2/242999),2020-11-24,Kawanda
SE202011_(243617C1/242999),2020-11-24,Kawanda
SE202011_(240149C1/242875),2020-11-24,Kawanda
SE202011_(243617C1/242999),2020-11-25,Kawanda
SE202011_(243049C1/243029),2020-11-25,Kawanda
SE202011_(242909C1/243029),2020-11-25,Kawanda
SE202011_(243002C1/243029),2020-11-25,Kawanda
SE202011_(242524C1/242829),2020-11-24,Kawanda
SE202011_(242343C1/242829),2020-11-24,Kawanda
SE202011_(242524C1/242829),2020-11-25,Kawanda
SE202011_(242343C1/242829),2020-11-25,Kawanda
SE202011_(240149C1/242875),2020-11-25,Kawanda
SE202011_(243386C2/242999),2020-11-25,Kawanda
SE202011_(243772C2/242999),2020-11-25,Kawanda
SE202011_(244273C1/242999),2020-11-25,Kawanda
SE202011_(243617C1/242999),2020-11-26,Kawanda
SE202011_(243772C2/242999),2020-11-26,Kawanda
SE202011_(243049C1/243029),2020-11-26,Kawanda
SE202011_(243386C2/242999),2020-11-26,Kawanda
SE202011_(242909C1/243029),2020-11-26,Kawanda
SE202011_(243002C1/243029),2020-11-26,Kawanda
SE202011_(243617C1/242999),2020-11-27,Kawanda
SE202011_(243741C1/242946),2020-11-26,Kawanda
SE202011_(243741C1/242946),2020-11-27,Kawanda
SE202011_(242524C1/242829),2020-11-26,Kawanda
SE202011_(242343C1/242829),2020-11-26,Kawanda
SE202011_(240084C1/242875),2020-11-26,Kawanda
SE202011_(243049C1/243029),2020-11-27,Kawanda
SE202011_(242909C1/243029),2020-11-27,Kawanda
SE202011_(243002C1/243029),2020-11-27,Kawanda
SE202011_(243741C1/242946),2020-11-28,Kawanda
SE202011_(243002C1/243029),2020-11-28,Kawanda
SE202011_(242909C1/243029),2020-11-28,Kawanda
SE202011_(243049C1/243029),2020-11-28,Kawanda
SE202011_(240084C1/242875),2020-11-27,Kawanda
SE202011_(244080C1/243057),2020-11-28,Kawanda
SE202011_(244308C1/242999),2020-11-28,Kawanda
SE202011_(244366C1/242999),2020-11-28,Kawanda
SE202011_(244080C1/243057),2020-11-29,Kawanda
SE202011_(244366C1/242999),2020-11-29,Kawanda
SE202011_(244308C1/242999),2020-11-29,Kawanda
SE202011_(243960C1/243057),2020-11-29,Kawanda
SE202011_(243754C2/242999),2020-11-29,Kawanda
SE202011_(243754C2/242999),2020-11-30,Kawanda
SE202011_(242843C1/242977),2020-11-30,Kawanda
SE202011_(244080C1/243057),2020-11-30,Kawanda
SE202011_(244366C1/242999),2020-11-30,Kawanda
SE202011_(244308C1/242999),2020-11-30,Kawanda
SE202011_(243960C1/243057),2020-11-30,Kawanda
SE202011_(243817C1/242999),2020-12-01,Kawanda
SE202011_(243450C1/242999),2020-12-01,Kawanda
SE202011_(243851C1/242999),2020-12-01,Kawanda
SE202011_(243754C2/242999),2020-12-01,Kawanda
SE202011_(243709C1/242896),2020-12-01,Kawanda
SE202011_(244080C1/243057),2020-12-01,Kawanda
SE202011_(244366C1/242999),2020-12-01,Kawanda
SE202011_(244308C1/242999),2020-12-01,Kawanda
SE202011_(243960C1/243057),2020-12-01,Kawanda
SE202011_(242843C1/242977),2020-12-01,Kawanda
SE202011_(243709C1/242896),2020-12-02,Kawanda
SE202011_(243450C1/242999),2020-12-02,Kawanda
SE202011_(243851C1/242999),2020-12-02,Kawanda
SE202012_(243691C2/242999),2020-12-02,Kawanda
SE202011_(243817C1/242999),2020-12-02,Kawanda
SE202012_(240226C1/242875),2020-12-02,Kawanda
SE202012_(240032C1/242875),2020-12-02,Kawanda
SE202012_(244051C1/242875),2020-11-27,Kawanda
SE202012_(244095C1/242875),2020-12-02,Kawanda
SE202012_(242413C1/242875),2020-12-02,Kawanda
SE202011_(242843C1/242977),2020-12-02,Kawanda
SE202012_(244051C1/242875),2020-11-28,Kawanda
SE202012_(244095C1/242875),2020-12-03,Kawanda
SE202012_(240032C1/242875),2020-12-03,Kawanda
SE202012_(240226C1/242875),2020-12-03,Kawanda
SE202011_(243709C1/242896),2020-12-03,Kawanda
SE202011_(243450C1/242999),2020-12-03,Kawanda
SE202011_(243851C1/242999),2020-12-03,Kawanda
SE202012_(243691C2/242999),2020-12-03,Kawanda
SE202011_(243960C1/243057),2020-12-02,Kawanda
SE202011_(244366C1/242999),2020-12-02,Kawanda
SE202011_(244080C1/243057),2020-12-02,Kawanda
SE202011_(244308C1/242999),2020-12-03,Kawanda
SE202011_(243960C1/243057),2020-12-03,Kawanda
SE202011_(244366C1/242999),2020-12-03,Kawanda
SE202011_(244080C1/243057),2020-12-03,Kawanda
SE202011_(242843C1/242977),2020-12-03,Kawanda
SE202012_(244095C1/242875),2020-12-04,Kawanda
SE202012_(240032C1/242875),2020-12-04,Kawanda
SE202012_(240226C1/242875),2020-12-04,Kawanda
SE202012_(243691C2/242999),2020-12-04,Kawanda
SE202011_(243450C1/242999),2020-12-04,Kawanda
SE202011_(242843C1/242977),2020-12-04,Kawanda
SE202012_(244224C1/242999),2020-12-02,Kawanda
SE202012_(244224C1/242999),2020-12-03,Kawanda
SE202012_(244224C1/242999),2020-12-04,Kawanda
SE202012_(244038C2/242999),2020-12-04,Kawanda
SE202012_(244051C1/242875),2020-11-29,Kawanda
SE202012_(244095C1/242875),2020-12-05,Kawanda
SE202012_(244089C1/244071),2020-12-05,Kawanda
SE202012_(240226C1/242875),2020-12-05,Kawanda
SE202012_(242440C1/242829),2020-12-05,Kawanda
SE202012_(242427C1/242829),2020-12-05,Kawanda
SE202012_(243622C2/242896),2020-12-05,Kawanda
SE202012_(243416C1/243057),2020-12-05,Kawanda
SE202012_(243576C1/242999),2020-12-04,Kawanda
SE202012_(243576C1/242999),2020-12-05,Kawanda
SE202012_(243457C2/242999),2020-12-05,Kawanda
SE202012_(243780C1/242896),2020-12-05,Kawanda
SE202012_(243691C2/242999),2020-12-05,Kawanda
SE202012_(244246C1/243057),2020-12-05,Kawanda
SE202011_(243960C1/243057),2020-12-05,Kawanda
SE202012_(244038C2/242999),2020-12-05,Kawanda
SE202012_(244224C1/242999),2020-12-05,Kawanda
SE202012_(243622C2/242896),2020-12-06,Kawanda
SE202012_(243576C1/242999),2020-12-06,Kawanda
SE202012_(243416C1/243057),2020-12-06,Kawanda
SE202012_(243457C2/242999),2020-12-06,Kawanda
SE202012_(243780C1/242896),2020-12-06,Kawanda
SE202012_(243691C2/242999),2020-12-06,Kawanda
SE202012_(242440C1/242829),2020-12-06,Kawanda
SE202012_(242440C1/242829),2020-12-07,Kawanda
SE202012_(243622C2/242896),2020-12-07,Kawanda
SE202012_(243416C1/243057),2020-12-07,Kawanda
SE202012_(243576C1/242999),2020-12-07,Kawanda
SE202012_(243457C2/242999),2020-12-07,Kawanda
SE202012_(243780C1/242896),2020-12-07,Kawanda
SE202012_(244089C1/244071),2020-12-06,Kawanda
SE202012_(244246C1/243057),2020-12-07,Kawanda
SE202011_(243960C1/243057),2020-12-07,Kawanda
SE202012_(244038C2/242999),2020-12-07,Kawanda
SE202012_(244224C1/242999),2020-12-07,Kawanda
SE202012_(244089C1/244071),2020-12-07,Kawanda
SE202012_(243622C2/242896),2020-12-08,Kawanda
SE202012_(243637C1/242999),2020-12-07,Kawanda
SE202012_(243637C1/242999),2020-12-08,Kawanda
SE202012_(243457C2/242999),2020-12-08,Kawanda
SE202012_(243739C1/242999),2020-12-08,Kawanda
SE202012_(243548C1/242999),2020-12-08,Kawanda
SE202012_(244394C1/243057),2020-12-09,Kawanda
SE202012_(243957C1/243057),2020-12-09,Kawanda
SE202012_(243661C1/242999),2020-12-09,Kawanda
SE202012_(243733C1/242999),2020-12-09,Kawanda
SE202012_(243622C2/242896),2020-12-09,Kawanda
SE202012_(243637C1/242999),2020-12-09,Kawanda
SE202012_(243739C1/242999),2020-12-09,Kawanda
SE202012_(243548C1/242999),2020-12-09,Kawanda
SE202012_(243622C2/242896),2020-12-10,Kawanda
SE202012_(243739C1/242999),2020-12-10,Kawanda
SE202012_(244394C1/243057),2020-12-10,Kawanda
SE202012_(243957C1/243057),2020-12-10,Kawanda
SE202012_(243661C1/242999),2020-12-10,Kawanda
SE202012_(243404C2/242999),2020-12-10,Kawanda
SE202012_(243733C1/242999),2020-12-10,Kawanda
SE202012_(240003C1/242875),2020-12-11,Kawanda
SE202012_(244394C1/243057),2020-12-11,Kawanda
SE202012_(243957C1/243057),2020-12-11,Kawanda
SE202012_(243661C1/242999),2020-12-11,Kawanda
SE202012_(243404C2/242999),2020-12-11,Kawanda
SE202012_(243733C1/242999),2020-12-11,Kawanda
SE202012_(243441C2/242999),2020-12-11,Kawanda
SE202012_(243739C1/242999),2020-12-11,Kawanda
SE202012_(243957C1/243057),2020-12-12,Kawanda
SE202012_(244394C1/243057),2020-12-12,Kawanda
SE202012_(243441C2/242999),2020-12-12,Kawanda
SE202012_(243404C2/242999),2020-12-12,Kawanda
SE202012_(243661C1/242999),2020-12-12,Kawanda
SE202012_(243459C1/242896),2020-12-13,Kawanda
SE202012_(243459C1/242896),2020-12-12,Kawanda
SE202012_(240003C1/242875),2020-12-12,Kawanda
SE202012_(243459C1/242896),2020-12-14,Kawanda
SE202012_(243404C2/242999),2020-12-13,Kawanda
SE202012_(243404C2/242999),2020-12-14,Kawanda
SE202012_(243441C2/242999),2020-12-14,Kawanda
SE202012_(243661C1/242999),2020-12-13,Kawanda
SE202012_(243733C1/242999),2020-12-13,Kawanda
SE202012_(243995C1/242999),2020-12-14,Kawanda
SE202012_(243995C1/242999),2020-12-13,Kawanda
SE202012_(243806C1/242896),2020-12-15,Kawanda
SE202012_(243499C1/242999),2020-12-15,Kawanda
SE202012_(243844C1/242999),2020-12-15,Kawanda
SE202012_(243995C1/242999),2020-12-15,Kawanda
SE202012_(244412C1/243057),2020-12-15,Kawanda
SE202012_(243806C1/242896),2020-12-16,Kawanda
SE202012_(242530C1/242829),2020-12-15,Kawanda
SE202012_(242543C1/242829),2020-12-15,Kawanda
SE202012_(243499C1/242999),2020-12-16,Kawanda
SE202012_(243844C1/242999),2020-12-16,Kawanda
SE202012_(244068C1/242999),2020-12-16,Kawanda
SE202012_(244193C2/242999),2020-12-16,Kawanda
SE202012_(243995C1/242999),2020-12-16,Kawanda
SE202012_(242982C1/242915),2020-12-16,Kawanda
SE202012_(242982C1/242915),2020-12-15,Kawanda
SE202012_(242389C2/242829),2020-12-17,Kawanda
SE202012_(242543C1/242829),2020-12-16,Kawanda
SE202012_(242530C1/242829),2020-12-16,Kawanda
SE202012_(242551C1/242829),2020-12-17,Kawanda
SE202012_(243499C1/242999),2020-12-17,Kawanda
SE202012_(243844C1/242999),2020-12-17,Kawanda
SE202012_(243427C2/242999),2020-12-17,Kawanda
SE202012_(244193C2/242999),2020-12-17,Kawanda
SE202012_(244068C1/242999),2020-12-17,Kawanda
SE202012_(244166C1/243057),2020-12-17,Kawanda
SE202012_(243995C1/242999),2020-12-17,Kawanda
SE202012_(242982C1/242915),2020-12-17,Kawanda
SE202012_(242551C1/242829),2020-12-18,Kawanda
SE202012_(242318C1/242829),2020-12-18,Kawanda
SE202012_(242389C2/242829),2020-12-18,Kawanda
SE202012_(242982C1/242915),2020-12-18,Kawanda
SE202012_(244068C1/242999),2020-12-18,Kawanda
SE202012_(244193C2/242999),2020-12-18,Kawanda
SE202012_(244166C1/243057),2020-12-18,Kawanda
SE202012_(243427C2/242999),2020-12-18,Kawanda
SE202012_(243844C1/242999),2020-12-18,Kawanda
SE202012_(243613C2/242999),2020-12-19,Kawanda
SE202012_(243601C1/242999),2020-12-19,Kawanda
SE202012_(243701C1/242999),2020-12-19,Kawanda
SE202012_(244166C1/243057),2020-12-19,Kawanda
SE202012_(244068C1/242999),2020-12-19,Kawanda
SE202012_(243473C1/243057),2020-12-19,Kawanda
SE202012_(243427C2/242999),2020-12-19,Kawanda
SE202012_(243701C1/242999),2020-12-20,Kawanda
SE202012_(243613C2/242999),2020-12-20,Kawanda
SE202012_(243601C1/242999),2020-12-20,Kawanda
SE202012_(243613C2/242999),2020-12-21,Kawanda
SE202012_(243701C1/242999),2020-12-21,Kawanda
SE202012_(243601C1/242999),2020-12-21,Kawanda
SE202012_(244213C1/243057),2020-12-21,Kawanda
SE202012_(243473C1/243057),2020-12-21,Kawanda
SE202012_(243422C2/243057),2020-12-21,Kawanda
SE202012_(242551C1/242829),2020-12-20,Kawanda
SE202012_(244213C1/243057),2020-12-22,Kawanda
SE202012_(243422C2/243057),2020-12-22,Kawanda
SE202012_(244213C1/243057),2020-12-23,Kawanda
SE202012_(243422C2/243057),2020-12-23,Kawanda
SE202012_(244213C1/243057),2020-12-24,Kawanda
SE202012_(244213C1/243057),2020-12-25,Kawanda
SE202012_(243422C2/243057),2020-12-25,Kawanda
SE202012_(242536C2/242829),2020-12-28,Kawanda
SE202012_(242536C2/242829),2020-12-29,Kawanda
SE202012_(242318C2/242829),2020-12-29,Kawanda
SE202012_(242923C1/242879),2020-12-29,Kawanda
SE202012_(243847C1/243057),2020-12-25,Kawanda
SE202012_(243847C1/243057),2020-12-26,Kawanda
SE202012_(243847C1/243057),2020-12-27,Kawanda
SE202012_(243847C1/243057),2020-12-28,Kawanda
SE202012_(243432C1/243057),2020-12-24,Kawanda
SE202012_(243432C1/243057),2020-12-25,Kawanda
SE202012_(243432C1/243057),2020-12-26,Kawanda
SE202012_(244178C1/243057),2020-12-24,Kawanda
SE202012_(244178C1/243057),2020-12-25,Kawanda
SE202012_(244178C1/243057),2020-12-26,Kawanda
SE202012_(244178C1/243057),2020-12-27,Kawanda
SE202012_(244384C2/243057),2020-12-26,Kawanda
SE202012_(244384C2/243057),2020-12-27,Kawanda
SE202012_(244384C2/243057),2020-12-28,Kawanda
SE202012_(244384C2/243057),2020-12-29,Kawanda
SE202012_(243819C1/242999),2020-12-24,Kawanda
SE202012_(243819C1/242999),2020-12-25,Kawanda
SE202012_(243819C1/242999),2020-12-26,Kawanda
SE202012_(243819C1/242999),2020-12-27,Kawanda
SE202012_(243769C1/242999),2020-12-27,Kawanda
SE202012_(243769C1/242999),2020-12-28,Kawanda
SE202012_(243769C1/242999),2020-12-29,Kawanda
SE202012_(243790C2/242999),2020-12-27,Kawanda
SE202012_(243790C2/242999),2020-12-28,Kawanda
SE202012_(243790C2/242999),2020-12-29,Kawanda
SE202012_(243769C1/242999),2020-12-30,Kawanda
SE202012_(243790C2/242999),2020-12-30,Kawanda
SE202012_(242355C1/242829),2020-12-30,Kawanda
SE202012_(242536C2/242829),2020-12-30,Kawanda
SE202012_(242923C1/242879),2020-12-30,Kawanda
SE202012_(243480C1/243057),2020-12-29,Kawanda
SE202012_(243480C1/243057),2020-12-30,Kawanda
SE202012_(243809C1/243057),2020-12-29,Kawanda
SE202012_(243809C1/243057),2020-12-30,Kawanda
SE202012_(243645C1/243057),2020-12-29,Kawanda
SE202012_(243645C1/243057),2020-12-30,Kawanda
SE202012_(243452C2/243057),2020-12-29,Kawanda
SE202012_(243452C2/243057),2020-12-30,Kawanda
SE202012_(244313C1/243057),2020-12-29,Kawanda
SE202012_(244313C1/243057),2020-12-30,Kawanda
SE202012_(240122C1/242875),2020-12-29,Kawanda
SE202012_(243645C1/243057),2020-12-31,Kawanda
SE202012_(243809C1/243057),2020-12-31,Kawanda
SE202012_(243480C1/243057),2020-12-31,Kawanda
SE202012_(243452C2/243057),2020-12-31,Kawanda
SE202012_(244313C1/243057),2020-12-31,Kawanda
SE202012_(242837C1/242879),2021-01-01,Kawanda
SE202012_(240078C1/242875),2021-01-01,Kawanda
SE202012_(240122C1/242875),2020-12-30,Kawanda
SE202012_(243923C1/243057),2021-01-01,Kawanda
SE202012_(244313C1/243057),2021-01-01,Kawanda
SE202012_(244262C1/243057),2021-01-01,Kawanda
SE202012_(243645C1/243057),2021-01-01,Kawanda
SE202012_(243452C2/243057),2021-01-01,Kawanda
SE202012_(243809C1/243057),2021-01-01,Kawanda
SE202012_(243809C1/243057),2021-01-02,Kawanda
SE202012_(243645C1/243057),2021-01-02,Kawanda
SE202012_(243452C2/243057),2021-01-02,Kawanda
SE202012_(244262C1/243057),2021-01-02,Kawanda
SE202012_(244313C1/243057),2021-01-02,Kawanda
SE202012_(243923C1/243057),2021-01-02,Kawanda
SE202012_(242837C1/242879),2021-01-02,Kawanda
SE202012_(240078C1/242875),2021-01-02,Kawanda
SE202012_(240122C1/242875),2020-12-31,Kawanda
SE202012_(242837C1/242879),2021-01-03,Kawanda
SE202101_(243391C1/243057),2021-01-03,Kawanda
SE202101_(243805C1/243057),2021-01-03,Kawanda
SE202101_(243469C1/243057),2021-01-03,Kawanda
SE202012_(243809C1/243057),2021-01-03,Kawanda
SE202012_(244262C1/243057),2021-01-03,Kawanda
SE202012_(244313C1/243057),2021-01-03,Kawanda
SE202012_(243923C1/243057),2021-01-03,Kawanda
SE202012_(240078C1/242875),2021-01-03,Kawanda
SE202101_(243391C1/243057),2021-01-04,Kawanda
SE202101_(243805C1/243057),2021-01-04,Kawanda
SE202101_(243469C1/243057),2021-01-04,Kawanda
SE202012_(244262C1/243057),2021-01-04,Kawanda
SE202101_(243391C1/243057),2021-01-05,Kawanda
SE202101_(243805C1/243057),2021-01-05,Kawanda
SE202101_(243469C1/243057),2021-01-05,Kawanda
SE202101_(242959C1/242879),2021-01-05,Kawanda
SE202101_(242830C1/242879),2021-01-06,Kawanda
SE202101_(242959C1/242879),2021-01-06,Kawanda
SE202101_(243073C1/242879),2021-01-06,Kawanda
SE202101_(240135C1/242875),2021-01-06,Kawanda
SE202101_(243801C2/242999),2021-01-05,Kawanda
SE202101_(243801C2/242999),2021-01-06,Kawanda
SE202101_(243407C2/242999),2021-01-05,Kawanda
SE202101_(243407C2/242999),2021-01-06,Kawanda
SE202101_(243851C2/243057),2021-01-06,Kawanda
SE202101_(243391C1/243057),2021-01-06,Kawanda
SE202101_(243498C2/242999),2021-01-06,Kawanda
SE202101_(243701C2/242999),2021-01-06,Kawanda
SE202101_(243469C1/243057),2021-01-06,Kawanda
SE202101_(244289C1/243057),2021-01-06,Kawanda
SE202101_(240135C1/242875),2021-01-07,Kawanda
SE202101_(243566C1/242999),2021-01-07,Kawanda
SE202101_(243498C2/242999),2021-01-07,Kawanda
SE202101_(243701C2/242999),2021-01-07,Kawanda
SE202101_(243851C2/243057),2021-01-07,Kawanda
SE202101_(243469C1/243057),2021-01-07,Kawanda
SE202101_(244289C1/243057),2021-01-07,Kawanda
SE202101_(244173C2/243057),2021-01-07,Kawanda
SE202101_(244224C2/243057),2021-01-07,Kawanda
SE202101_(243391C1/243057),2021-01-07,Kawanda
SE202101_(243801C2/242999),2021-01-07,Kawanda
SE202101_(243407C2/242999),2021-01-07,Kawanda
SE202101_(243819C2/242999),2021-01-08,Kawanda
SE202101_(243801C2/242999),2021-01-08,Kawanda
SE202101_(243407C2/242999),2021-01-08,Kawanda
SE202101_(243796C1/242999),2021-01-08,Kawanda
SE202101_(243378C1/242999),2021-01-07,Kawanda
SE202101_(243378C1/242999),2021-01-08,Kawanda
SE202101_(243701C2/242999),2021-01-08,Kawanda
SE202101_(243498C2/242999),2021-01-08,Kawanda
SE202101_(243391C1/243057),2021-01-08,Kawanda
SE202101_(243566C1/242999),2021-01-08,Kawanda
SE202101_(243851C2/243057),2021-01-08,Kawanda
SE202101_(244224C2/243057),2021-01-08,Kawanda
SE202101_(244173C2/243057),2021-01-08,Kawanda
SE202101_(244289C1/243057),2021-01-08,Kawanda
SE202101_(242959C1/242879),2021-01-07,Kawanda
SE202101_(242959C1/242879),2021-01-08,Kawanda
SE202101_(242830C1/242879),2021-01-07,Kawanda
SE202101_(242830C1/242879),2021-01-08,Kawanda
SE202101_(240135C1/242875),2021-01-08,Kawanda
SE202101_(243954C1/244071),2021-01-08,Kawanda
SE202101_(243819C2/242999),2021-01-09,Kawanda
SE202101_(243796C1/242999),2021-01-09,Kawanda
SE202101_(243701C2/242999),2021-01-09,Kawanda
SE202101_(243566C1/242999),2021-01-09,Kawanda
SE202101_(243851C2/243057),2021-01-09,Kawanda
SE202101_(244289C1/243057),2021-01-09,Kawanda
SE202101_(244224C2/243057),2021-01-09,Kawanda
SE202101_(244173C2/243057),2021-01-09,Kawanda
SE202101_(243498C2/242999),2021-01-09,Kawanda
SE202101_(242887C1/242915),2021-01-09,Kawanda
SE202101_(243819C2/242999),2021-01-10,Kawanda
SE202101_(243796C1/242999),2021-01-10,Kawanda
SE202101_(244224C2/243057),2021-01-10,Kawanda
SE202101_(244173C2/243057),2021-01-10,Kawanda
SE202101_(243701C2/242999),2021-01-10,Kawanda
SE202101_(243566C1/242999),2021-01-10,Kawanda
SE202101_(243851C2/243057),2021-01-10,Kawanda
SE202101_(240001C1/242875),2021-01-11,Kawanda
SE202101_(243819C2/242999),2021-01-11,Kawanda
SE202101_(243796C1/242999),2021-01-11,Kawanda
SE202101_(240047C1/242875),2021-01-12,Kawanda
SE202101_(240001C1/242875),2021-01-12,Kawanda
SE202101_(240123C1/242875),2021-01-12,Kawanda
SE202101_(243560C1/243057),2021-01-12,Kawanda
SE202101_(243580C1/242999),2021-01-12,Kawanda
SE202101_(243595C1/242999),2021-01-12,Kawanda
SE202101_(244408C1/243057),2021-01-12,Kawanda
SE202101_(244044C2/243057),2021-01-12,Kawanda
SE202101_(243560C1/243057),2021-01-13,Kawanda
SE202101_(243592C1/242999),2021-01-12,Kawanda
SE202101_(243592C1/242999),2021-01-13,Kawanda
SE202101_(244044C2/243057),2021-01-13,Kawanda
SE202101_(244408C1/243057),2021-01-13,Kawanda
SE202101_(243580C1/242999),2021-01-13,Kawanda
SE202101_(243595C1/242999),2021-01-13,Kawanda
SE202101_(244044C2/243057),2021-01-14,Kawanda
SE202101_(244408C1/243057),2021-01-14,Kawanda
SE202101_(243560C1/243057),2021-01-14,Kawanda
SE202101_(243580C1/242999),2021-01-14,Kawanda
SE202101_(243595C1/242999),2021-01-14,Kawanda
SE202101_(243592C1/242999),2021-01-14,Kawanda
SE202101_(240123C1/242875),2021-01-13,Kawanda
SE202101_(240047C1/242875),2021-01-13,Kawanda
SE202101_(244039C1/242999),2021-01-18,Kawanda
SE202101_(244039C1/242999),2021-01-15,Kawanda
SE202101_(244039C1/242999),2021-01-16,Kawanda
SE202101_(244039C1/242999),2021-01-17,Kawanda
SE202101_(244355C1/242999),2021-01-13,Kawanda
SE202101_(244355C1/242999),2021-01-14,Kawanda
SE202101_(243725C1/242854),2021-01-16,Kawanda
SE202101_(243725C1/242854),2021-01-17,Kawanda
SE202101_(243725C1/242854),2021-01-18,Kawanda
SE202101_(243725C1/242854),2021-01-19,Kawanda
SE202101_(243756C1/242854),2021-01-16,Kawanda
SE202101_(243756C1/242854),2021-01-17,Kawanda
SE202101_(243756C1/242854),2021-01-18,Kawanda
SE202101_(243756C1/242854),2021-01-19,Kawanda
SE202101_(240302C1/242875),2021-01-20,Kawanda
SE202101_(240282C1/242875),2021-01-20,Kawanda
SE202101_(240128C2/242875),2021-01-20,Kawanda
SE202101_(240286C1/242875),2021-01-20,Kawanda
SE202101_(242507C1/242829),2021-01-17,Kawanda
SE202101_(243757C1/242999),2021-01-20,Kawanda
SE202101_(240302C1/242875),2021-01-21,Kawanda
SE202101_(240282C1/242875),2021-01-21,Kawanda
SE202101_(240128C2/242875),2021-01-21,Kawanda
SE202101_(240286C1/242875),2021-01-21,Kawanda
SE202101_(242975C1/242915),2021-01-21,Kawanda
SE202101_(243079C1/242915),2021-01-21,Kawanda
SE202101_(243757C1/242999),2021-01-21,Kawanda
SE202101_(244290C2/242999),2021-01-16,Kawanda
SE202101_(244290C2/242999),2021-01-17,Kawanda
SE202101_(244290C2/242999),2021-01-18,Kawanda
SE202101_(244054C1/242999),2021-01-21,Kawanda
SE202101_(244152C1/242999),2021-01-20,Kawanda
SE202101_(244152C1/242999),2021-01-21,Kawanda
SE202101_(243757C1/242999),2021-01-22,Kawanda
SE202101_(242975C1/242915),2021-01-22,Kawanda
SE202101_(243079C1/242915),2021-01-22,Kawanda
SE202101_(244054C1/242999),2021-01-22,Kawanda
SE202101_(244152C1/242999),2021-01-22,Kawanda
SE202101_(243757C1/242999),2021-01-23,Kawanda
SE202101_(244054C1/242999),2021-01-23,Kawanda
SE202101_(244152C1/242999),2021-01-23,Kawanda
SE202101_(243079C1/242915),2021-01-23,Kawanda
SE202101_(240302C1/242875),2021-01-22,Kawanda
SE202101_(240282C1/242875),2021-01-22,Kawanda
SE202101_(240286C1/242875),2021-01-22,Kawanda
SE202101_(243622C2/242999),2021-01-25,Kawanda
SE202101_(243384C1/242999),2021-01-23,Kawanda
SE202101_(243384C1/242999),2021-01-24,Kawanda
SE202101_(243384C1/242999),2021-01-25,Kawanda
SE202101_(243622C2/242999),2021-01-26,Kawanda
SE202101_(243840C1/242999),2021-01-26,Kawanda
SE202101_(244281C1/244071),2021-01-21,Kawanda
SE202101_(243622C2/242999),2021-01-27,Kawanda
SE202101_(243840C1/242999),2021-01-27,Kawanda
SE202101_(244129C1/244071),2021-01-27,Kawanda
SE202101_(244281C1/244071),2021-01-22,Kawanda
SE202101_(243367C1/242999),2021-01-27,Kawanda
SE202101_(243691C2/242999),2021-01-27,Kawanda
SE202101_(243433C1/242999),2021-01-27,Kawanda
SE202101_(243840C1/242999),2021-01-28,Kawanda
SE202101_(243691C2/242999),2021-01-28,Kawanda
SE202101_(243367C1/242999),2021-01-28,Kawanda
SE202101_(243840C1/242999),2021-01-29,Kawanda
SE202101_(244195C1/242999),2021-01-28,Kawanda
SE202101_(244195C1/242999),2021-01-29,Kawanda
SE202101_(243388C1/242999),2021-01-29,Kawanda
SE202101_(243433C1/242999),2021-01-29,Kawanda
SE202101_(243691C2/242999),2021-01-29,Kawanda
SE202101_(243367C1/242999),2021-01-29,Kawanda
SE202101_(244195C1/242999),2021-01-30,Kawanda
SE202101_(243388C1/242999),2021-01-30,Kawanda
SE202101_(243433C1/242999),2021-01-30,Kawanda
